detail,kind,node_id,source_path,theorem
FAILED action has r_env=1.0,failed_full_r_env,action_13,outputs/rollouts/gemini3flash/miniF2F-valid-50/aime_1983_p2.json,aime_1983_p2.json
FAILED action has r_env=1.0,failed_full_r_env,action_14,outputs/rollouts/gemini3flash/miniF2F-valid-50/aime_1983_p2.json,aime_1983_p2.json
FAILED action has r_env=1.0,failed_full_r_env,action_16,outputs/rollouts/gemini3flash/miniF2F-valid-50/aime_1983_p2.json,aime_1983_p2.json
FAILED action has r_env=1.0,failed_full_r_env,action_19,outputs/rollouts/gemini3flash/miniF2F-valid-50/aime_1983_p2.json,aime_1983_p2.json
FAILED action has r_env=1.0,failed_full_r_env,action_20,outputs/rollouts/gemini3flash/miniF2F-valid-50/aime_1983_p2.json,aime_1983_p2.json
FAILED action has r_env=1.0,failed_full_r_env,action_21,outputs/rollouts/gemini3flash/miniF2F-valid-50/aime_1983_p2.json,aime_1983_p2.json
FAILED action has r_env=1.0,failed_full_r_env,action_22,outputs/rollouts/gemini3flash/miniF2F-valid-50/aime_1983_p2.json,aime_1983_p2.json
FAILED action has r_env=1.0,failed_full_r_env,action_24,outputs/rollouts/gemini3flash/miniF2F-valid-50/aime_1983_p2.json,aime_1983_p2.json
action has empty extracted_lean_code,missing_extracted_code,action_25,outputs/rollouts/gemini3flash/miniF2F-valid-50/aime_1983_p2.json,aime_1983_p2.json
action has empty extracted_lean_code,missing_extracted_code,action_26,outputs/rollouts/gemini3flash/miniF2F-valid-50/aime_1983_p2.json,aime_1983_p2.json
action has empty extracted_lean_code,missing_extracted_code,action_27,outputs/rollouts/gemini3flash/miniF2F-valid-50/aime_1983_p2.json,aime_1983_p2.json
action has empty extracted_lean_code,missing_extracted_code,action_28,outputs/rollouts/gemini3flash/miniF2F-valid-50/aime_1983_p2.json,aime_1983_p2.json
action has empty extracted_lean_code,missing_extracted_code,action_29,outputs/rollouts/gemini3flash/miniF2F-valid-50/aime_1983_p2.json,aime_1983_p2.json
action has empty extracted_lean_code,missing_extracted_code,action_30,outputs/rollouts/gemini3flash/miniF2F-valid-50/aime_1983_p2.json,aime_1983_p2.json
action has empty extracted_lean_code,missing_extracted_code,action_31,outputs/rollouts/gemini3flash/miniF2F-valid-50/aime_1983_p2.json,aime_1983_p2.json
action has empty extracted_lean_code,missing_extracted_code,action_32,outputs/rollouts/gemini3flash/miniF2F-valid-50/aime_1983_p2.json,aime_1983_p2.json
action has empty extracted_lean_code,missing_extracted_code,action_33,outputs/rollouts/gemini3flash/miniF2F-valid-50/aime_1983_p2.json,aime_1983_p2.json
action has empty extracted_lean_code,missing_extracted_code,action_34,outputs/rollouts/gemini3flash/miniF2F-valid-50/aime_1983_p2.json,aime_1983_p2.json
action has empty extracted_lean_code,missing_extracted_code,action_35,outputs/rollouts/gemini3flash/miniF2F-valid-50/aime_1983_p2.json,aime_1983_p2.json
action has empty extracted_lean_code,missing_extracted_code,action_36,outputs/rollouts/gemini3flash/miniF2F-valid-50/aime_1983_p2.json,aime_1983_p2.json
action has empty extracted_lean_code,missing_extracted_code,action_49,outputs/rollouts/gemini3flash/miniF2F-valid-50/aime_1983_p2.json,aime_1983_p2.json
action has empty extracted_lean_code,missing_extracted_code,action_50,outputs/rollouts/gemini3flash/miniF2F-valid-50/aime_1983_p2.json,aime_1983_p2.json
action has empty extracted_lean_code,missing_extracted_code,action_51,outputs/rollouts/gemini3flash/miniF2F-valid-50/aime_1983_p2.json,aime_1983_p2.json
action has empty extracted_lean_code,missing_extracted_code,action_52,outputs/rollouts/gemini3flash/miniF2F-valid-50/aime_1983_p2.json,aime_1983_p2.json
action has empty extracted_lean_code,missing_extracted_code,action_135,outputs/rollouts/gemini3flash/miniF2F-valid-50/aime_1983_p2.json,aime_1983_p2.json
action has empty extracted_lean_code,missing_extracted_code,action_136,outputs/rollouts/gemini3flash/miniF2F-valid-50/aime_1983_p2.json,aime_1983_p2.json
action has empty extracted_lean_code,missing_extracted_code,action_137,outputs/rollouts/gemini3flash/miniF2F-valid-50/aime_1983_p2.json,aime_1983_p2.json
action has empty extracted_lean_code,missing_extracted_code,action_138,outputs/rollouts/gemini3flash/miniF2F-valid-50/aime_1983_p2.json,aime_1983_p2.json
action has empty extracted_lean_code,missing_extracted_code,action_139,outputs/rollouts/gemini3flash/miniF2F-valid-50/aime_1983_p2.json,aime_1983_p2.json
action has empty extracted_lean_code,missing_extracted_code,action_140,outputs/rollouts/gemini3flash/miniF2F-valid-50/aime_1983_p2.json,aime_1983_p2.json
action has empty extracted_lean_code,missing_extracted_code,action_141,outputs/rollouts/gemini3flash/miniF2F-valid-50/aime_1983_p2.json,aime_1983_p2.json
action has empty extracted_lean_code,missing_extracted_code,action_142,outputs/rollouts/gemini3flash/miniF2F-valid-50/aime_1983_p2.json,aime_1983_p2.json
action has empty extracted_lean_code,missing_extracted_code,action_143,outputs/rollouts/gemini3flash/miniF2F-valid-50/aime_1983_p2.json,aime_1983_p2.json
action has empty extracted_lean_code,missing_extracted_code,action_144,outputs/rollouts/gemini3flash/miniF2F-valid-50/aime_1983_p2.json,aime_1983_p2.json
action has empty extracted_lean_code,missing_extracted_code,action_145,outputs/rollouts/gemini3flash/miniF2F-valid-50/aime_1983_p2.json,aime_1983_p2.json
action has empty extracted_lean_code,missing_extracted_code,action_146,outputs/rollouts/gemini3flash/miniF2F-valid-50/aime_1983_p2.json,aime_1983_p2.json
FAILED action has r_env=1.0,failed_full_r_env,action_26,outputs/rollouts/gemini3flash/miniF2F-valid-50/aime_1983_p3.json,aime_1983_p3.json
FAILED action has r_env=1.0,failed_full_r_env,action_27,outputs/rollouts/gemini3flash/miniF2F-valid-50/aime_1983_p3.json,aime_1983_p3.json
FAILED action has r_env=1.0,failed_full_r_env,action_28,outputs/rollouts/gemini3flash/miniF2F-valid-50/aime_1983_p3.json,aime_1983_p3.json
FAILED action has r_env=1.0,failed_full_r_env,action_29,outputs/rollouts/gemini3flash/miniF2F-valid-50/aime_1983_p3.json,aime_1983_p3.json
FAILED action has r_env=1.0,failed_full_r_env,action_30,outputs/rollouts/gemini3flash/miniF2F-valid-50/aime_1983_p3.json,aime_1983_p3.json
FAILED action has r_env=1.0,failed_full_r_env,action_31,outputs/rollouts/gemini3flash/miniF2F-valid-50/aime_1983_p3.json,aime_1983_p3.json
FAILED action has r_env=1.0,failed_full_r_env,action_32,outputs/rollouts/gemini3flash/miniF2F-valid-50/aime_1983_p3.json,aime_1983_p3.json
FAILED action has r_env=1.0,failed_full_r_env,action_33,outputs/rollouts/gemini3flash/miniF2F-valid-50/aime_1983_p3.json,aime_1983_p3.json
FAILED action has r_env=1.0,failed_full_r_env,action_34,outputs/rollouts/gemini3flash/miniF2F-valid-50/aime_1983_p3.json,aime_1983_p3.json
FAILED action has r_env=1.0,failed_full_r_env,action_35,outputs/rollouts/gemini3flash/miniF2F-valid-50/aime_1983_p3.json,aime_1983_p3.json
FAILED action has r_env=1.0,failed_full_r_env,action_36,outputs/rollouts/gemini3flash/miniF2F-valid-50/aime_1983_p3.json,aime_1983_p3.json
FAILED action has r_env=1.0,failed_full_r_env,action_37,outputs/rollouts/gemini3flash/miniF2F-valid-50/aime_1983_p3.json,aime_1983_p3.json
action has empty extracted_lean_code,missing_extracted_code,action_99,outputs/rollouts/gemini3flash/miniF2F-valid-50/aime_1983_p3.json,aime_1983_p3.json
FAILED action has r_env=1.0,failed_full_r_env,action_124,outputs/rollouts/gemini3flash/miniF2F-valid-50/aime_1983_p3.json,aime_1983_p3.json
FAILED action has r_env=1.0,failed_full_r_env,action_125,outputs/rollouts/gemini3flash/miniF2F-valid-50/aime_1983_p3.json,aime_1983_p3.json
FAILED action has r_env=1.0,failed_full_r_env,action_126,outputs/rollouts/gemini3flash/miniF2F-valid-50/aime_1983_p3.json,aime_1983_p3.json
FAILED action has r_env=1.0,failed_full_r_env,action_127,outputs/rollouts/gemini3flash/miniF2F-valid-50/aime_1983_p3.json,aime_1983_p3.json
FAILED action has r_env=1.0,failed_full_r_env,action_128,outputs/rollouts/gemini3flash/miniF2F-valid-50/aime_1983_p3.json,aime_1983_p3.json
FAILED action has r_env=1.0,failed_full_r_env,action_129,outputs/rollouts/gemini3flash/miniF2F-valid-50/aime_1983_p3.json,aime_1983_p3.json
FAILED action has r_env=1.0,failed_full_r_env,action_130,outputs/rollouts/gemini3flash/miniF2F-valid-50/aime_1983_p3.json,aime_1983_p3.json
FAILED action has r_env=1.0,failed_full_r_env,action_131,outputs/rollouts/gemini3flash/miniF2F-valid-50/aime_1983_p3.json,aime_1983_p3.json
FAILED action has r_env=1.0,failed_full_r_env,action_132,outputs/rollouts/gemini3flash/miniF2F-valid-50/aime_1983_p3.json,aime_1983_p3.json
FAILED action has r_env=1.0,failed_full_r_env,action_133,outputs/rollouts/gemini3flash/miniF2F-valid-50/aime_1983_p3.json,aime_1983_p3.json
FAILED action has r_env=1.0,failed_full_r_env,action_134,outputs/rollouts/gemini3flash/miniF2F-valid-50/aime_1983_p3.json,aime_1983_p3.json
FAILED action has r_env=1.0,failed_full_r_env,action_135,outputs/rollouts/gemini3flash/miniF2F-valid-50/aime_1983_p3.json,aime_1983_p3.json
action has empty extracted_lean_code,missing_extracted_code,action_160,outputs/rollouts/gemini3flash/miniF2F-valid-50/aime_1983_p3.json,aime_1983_p3.json
action has empty extracted_lean_code,missing_extracted_code,action_289,outputs/rollouts/gemini3flash/miniF2F-valid-50/aime_1983_p3.json,aime_1983_p3.json
FAILED action has r_env=1.0,failed_full_r_env,action_377,outputs/rollouts/gemini3flash/miniF2F-valid-50/aime_1983_p3.json,aime_1983_p3.json
FAILED action has r_env=1.0,failed_full_r_env,action_379,outputs/rollouts/gemini3flash/miniF2F-valid-50/aime_1983_p3.json,aime_1983_p3.json
FAILED action has r_env=1.0,failed_full_r_env,action_380,outputs/rollouts/gemini3flash/miniF2F-valid-50/aime_1983_p3.json,aime_1983_p3.json
FAILED action has r_env=1.0,failed_full_r_env,action_382,outputs/rollouts/gemini3flash/miniF2F-valid-50/aime_1983_p3.json,aime_1983_p3.json
FAILED action has r_env=1.0,failed_full_r_env,action_384,outputs/rollouts/gemini3flash/miniF2F-valid-50/aime_1983_p3.json,aime_1983_p3.json
FAILED action has r_env=1.0,failed_full_r_env,action_385,outputs/rollouts/gemini3flash/miniF2F-valid-50/aime_1983_p3.json,aime_1983_p3.json
FAILED action has r_env=1.0,failed_full_r_env,action_387,outputs/rollouts/gemini3flash/miniF2F-valid-50/aime_1983_p3.json,aime_1983_p3.json
FAILED action has r_env=1.0,failed_full_r_env,action_388,outputs/rollouts/gemini3flash/miniF2F-valid-50/aime_1983_p3.json,aime_1983_p3.json
FAILED action has r_env=1.0,failed_full_r_env,action_495,outputs/rollouts/gemini3flash/miniF2F-valid-50/aime_1983_p3.json,aime_1983_p3.json
FAILED action has r_env=1.0,failed_full_r_env,action_500,outputs/rollouts/gemini3flash/miniF2F-valid-50/aime_1983_p3.json,aime_1983_p3.json
FAILED action has r_env=1.0,failed_full_r_env,action_501,outputs/rollouts/gemini3flash/miniF2F-valid-50/aime_1983_p3.json,aime_1983_p3.json
FAILED action has r_env=1.0,failed_full_r_env,action_503,outputs/rollouts/gemini3flash/miniF2F-valid-50/aime_1983_p3.json,aime_1983_p3.json
length=2; goals=; edges=edge_placeholder ; edge_placeholder,cycle_detected,state_78 -> action_370,outputs/rollouts/gemini3flash/miniF2F-valid-50/aime_1983_p3.json,aime_1983_p3.json
length=2; goals=; edges=edge_placeholder ; edge_placeholder,cycle_detected,state_78 -> action_372,outputs/rollouts/gemini3flash/miniF2F-valid-50/aime_1983_p3.json,aime_1983_p3.json
length=2; goals=; edges=edge_placeholder ; edge_placeholder,cycle_detected,state_121 -> action_440,outputs/rollouts/gemini3flash/miniF2F-valid-50/aime_1983_p3.json,aime_1983_p3.json
length=2; goals=; edges=edge_placeholder ; edge_placeholder,cycle_detected,state_121 -> action_442,outputs/rollouts/gemini3flash/miniF2F-valid-50/aime_1983_p3.json,aime_1983_p3.json
length=2; goals=; edges=edge_placeholder ; edge_placeholder,cycle_detected,state_121 -> action_444,outputs/rollouts/gemini3flash/miniF2F-valid-50/aime_1983_p3.json,aime_1983_p3.json
FAILED action has r_env=1.0,failed_full_r_env,action_8,outputs/rollouts/gemini3flash/miniF2F-valid-50/aime_1984_p7.json,aime_1984_p7.json
action has empty extracted_lean_code,missing_extracted_code,action_13,outputs/rollouts/gemini3flash/miniF2F-valid-50/aime_1984_p7.json,aime_1984_p7.json
action has empty extracted_lean_code,missing_extracted_code,action_14,outputs/rollouts/gemini3flash/miniF2F-valid-50/aime_1984_p7.json,aime_1984_p7.json
action has empty extracted_lean_code,missing_extracted_code,action_15,outputs/rollouts/gemini3flash/miniF2F-valid-50/aime_1984_p7.json,aime_1984_p7.json
action has empty extracted_lean_code,missing_extracted_code,action_16,outputs/rollouts/gemini3flash/miniF2F-valid-50/aime_1984_p7.json,aime_1984_p7.json
action has empty extracted_lean_code,missing_extracted_code,action_17,outputs/rollouts/gemini3flash/miniF2F-valid-50/aime_1984_p7.json,aime_1984_p7.json
action has empty extracted_lean_code,missing_extracted_code,action_18,outputs/rollouts/gemini3flash/miniF2F-valid-50/aime_1984_p7.json,aime_1984_p7.json
action has empty extracted_lean_code,missing_extracted_code,action_19,outputs/rollouts/gemini3flash/miniF2F-valid-50/aime_1984_p7.json,aime_1984_p7.json
action has empty extracted_lean_code,missing_extracted_code,action_20,outputs/rollouts/gemini3flash/miniF2F-valid-50/aime_1984_p7.json,aime_1984_p7.json
action has empty extracted_lean_code,missing_extracted_code,action_21,outputs/rollouts/gemini3flash/miniF2F-valid-50/aime_1984_p7.json,aime_1984_p7.json
action has empty extracted_lean_code,missing_extracted_code,action_22,outputs/rollouts/gemini3flash/miniF2F-valid-50/aime_1984_p7.json,aime_1984_p7.json
action has empty extracted_lean_code,missing_extracted_code,action_23,outputs/rollouts/gemini3flash/miniF2F-valid-50/aime_1984_p7.json,aime_1984_p7.json
action has empty extracted_lean_code,missing_extracted_code,action_24,outputs/rollouts/gemini3flash/miniF2F-valid-50/aime_1984_p7.json,aime_1984_p7.json
action has empty extracted_lean_code,missing_extracted_code,action_25,outputs/rollouts/gemini3flash/miniF2F-valid-50/aime_1984_p7.json,aime_1984_p7.json
FAILED action has r_env=1.0,failed_full_r_env,action_27,outputs/rollouts/gemini3flash/miniF2F-valid-50/aime_1984_p7.json,aime_1984_p7.json
FAILED action has r_env=1.0,failed_full_r_env,action_29,outputs/rollouts/gemini3flash/miniF2F-valid-50/aime_1984_p7.json,aime_1984_p7.json
FAILED action has r_env=1.0,failed_full_r_env,action_50,outputs/rollouts/gemini3flash/miniF2F-valid-50/aime_1984_p7.json,aime_1984_p7.json
action has empty extracted_lean_code,missing_extracted_code,action_63,outputs/rollouts/gemini3flash/miniF2F-valid-50/aime_1984_p7.json,aime_1984_p7.json
action has empty extracted_lean_code,missing_extracted_code,action_64,outputs/rollouts/gemini3flash/miniF2F-valid-50/aime_1984_p7.json,aime_1984_p7.json
action has empty extracted_lean_code,missing_extracted_code,action_65,outputs/rollouts/gemini3flash/miniF2F-valid-50/aime_1984_p7.json,aime_1984_p7.json
action has empty extracted_lean_code,missing_extracted_code,action_66,outputs/rollouts/gemini3flash/miniF2F-valid-50/aime_1984_p7.json,aime_1984_p7.json
action has empty extracted_lean_code,missing_extracted_code,action_67,outputs/rollouts/gemini3flash/miniF2F-valid-50/aime_1984_p7.json,aime_1984_p7.json
action has empty extracted_lean_code,missing_extracted_code,action_68,outputs/rollouts/gemini3flash/miniF2F-valid-50/aime_1984_p7.json,aime_1984_p7.json
action has empty extracted_lean_code,missing_extracted_code,action_69,outputs/rollouts/gemini3flash/miniF2F-valid-50/aime_1984_p7.json,aime_1984_p7.json
action has empty extracted_lean_code,missing_extracted_code,action_70,outputs/rollouts/gemini3flash/miniF2F-valid-50/aime_1984_p7.json,aime_1984_p7.json
action has empty extracted_lean_code,missing_extracted_code,action_71,outputs/rollouts/gemini3flash/miniF2F-valid-50/aime_1984_p7.json,aime_1984_p7.json
action has empty extracted_lean_code,missing_extracted_code,action_72,outputs/rollouts/gemini3flash/miniF2F-valid-50/aime_1984_p7.json,aime_1984_p7.json
action has empty extracted_lean_code,missing_extracted_code,action_73,outputs/rollouts/gemini3flash/miniF2F-valid-50/aime_1984_p7.json,aime_1984_p7.json
action has empty extracted_lean_code,missing_extracted_code,action_74,outputs/rollouts/gemini3flash/miniF2F-valid-50/aime_1984_p7.json,aime_1984_p7.json
FAILED action has r_env=1.0,failed_full_r_env,action_92,outputs/rollouts/gemini3flash/miniF2F-valid-50/aime_1984_p7.json,aime_1984_p7.json
action has empty extracted_lean_code,missing_extracted_code,action_104,outputs/rollouts/gemini3flash/miniF2F-valid-50/aime_1984_p7.json,aime_1984_p7.json
action has empty extracted_lean_code,missing_extracted_code,action_105,outputs/rollouts/gemini3flash/miniF2F-valid-50/aime_1984_p7.json,aime_1984_p7.json
action has empty extracted_lean_code,missing_extracted_code,action_106,outputs/rollouts/gemini3flash/miniF2F-valid-50/aime_1984_p7.json,aime_1984_p7.json
action has empty extracted_lean_code,missing_extracted_code,action_107,outputs/rollouts/gemini3flash/miniF2F-valid-50/aime_1984_p7.json,aime_1984_p7.json
action has empty extracted_lean_code,missing_extracted_code,action_108,outputs/rollouts/gemini3flash/miniF2F-valid-50/aime_1984_p7.json,aime_1984_p7.json
action has empty extracted_lean_code,missing_extracted_code,action_109,outputs/rollouts/gemini3flash/miniF2F-valid-50/aime_1984_p7.json,aime_1984_p7.json
action has empty extracted_lean_code,missing_extracted_code,action_110,outputs/rollouts/gemini3flash/miniF2F-valid-50/aime_1984_p7.json,aime_1984_p7.json
action has empty extracted_lean_code,missing_extracted_code,action_111,outputs/rollouts/gemini3flash/miniF2F-valid-50/aime_1984_p7.json,aime_1984_p7.json
action has empty extracted_lean_code,missing_extracted_code,action_112,outputs/rollouts/gemini3flash/miniF2F-valid-50/aime_1984_p7.json,aime_1984_p7.json
action has empty extracted_lean_code,missing_extracted_code,action_113,outputs/rollouts/gemini3flash/miniF2F-valid-50/aime_1984_p7.json,aime_1984_p7.json
action has empty extracted_lean_code,missing_extracted_code,action_114,outputs/rollouts/gemini3flash/miniF2F-valid-50/aime_1984_p7.json,aime_1984_p7.json
action has empty extracted_lean_code,missing_extracted_code,action_115,outputs/rollouts/gemini3flash/miniF2F-valid-50/aime_1984_p7.json,aime_1984_p7.json
action has empty extracted_lean_code,missing_extracted_code,action_128,outputs/rollouts/gemini3flash/miniF2F-valid-50/aime_1984_p7.json,aime_1984_p7.json
action has empty extracted_lean_code,missing_extracted_code,action_253,outputs/rollouts/gemini3flash/miniF2F-valid-50/aime_1984_p7.json,aime_1984_p7.json
action has empty extracted_lean_code,missing_extracted_code,action_285,outputs/rollouts/gemini3flash/miniF2F-valid-50/aime_1984_p7.json,aime_1984_p7.json
FAILED action has r_env=1.0,failed_full_r_env,action_302,outputs/rollouts/gemini3flash/miniF2F-valid-50/aime_1984_p7.json,aime_1984_p7.json
FAILED action has r_env=1.0,failed_full_r_env,action_303,outputs/rollouts/gemini3flash/miniF2F-valid-50/aime_1984_p7.json,aime_1984_p7.json
FAILED action has r_env=1.0,failed_full_r_env,action_304,outputs/rollouts/gemini3flash/miniF2F-valid-50/aime_1984_p7.json,aime_1984_p7.json
FAILED action has r_env=1.0,failed_full_r_env,action_305,outputs/rollouts/gemini3flash/miniF2F-valid-50/aime_1984_p7.json,aime_1984_p7.json
FAILED action has r_env=1.0,failed_full_r_env,action_306,outputs/rollouts/gemini3flash/miniF2F-valid-50/aime_1984_p7.json,aime_1984_p7.json
FAILED action has r_env=1.0,failed_full_r_env,action_307,outputs/rollouts/gemini3flash/miniF2F-valid-50/aime_1984_p7.json,aime_1984_p7.json
FAILED action has r_env=1.0,failed_full_r_env,action_308,outputs/rollouts/gemini3flash/miniF2F-valid-50/aime_1984_p7.json,aime_1984_p7.json
FAILED action has r_env=1.0,failed_full_r_env,action_309,outputs/rollouts/gemini3flash/miniF2F-valid-50/aime_1984_p7.json,aime_1984_p7.json
FAILED action has r_env=1.0,failed_full_r_env,action_310,outputs/rollouts/gemini3flash/miniF2F-valid-50/aime_1984_p7.json,aime_1984_p7.json
FAILED action has r_env=1.0,failed_full_r_env,action_311,outputs/rollouts/gemini3flash/miniF2F-valid-50/aime_1984_p7.json,aime_1984_p7.json
FAILED action has r_env=1.0,failed_full_r_env,action_312,outputs/rollouts/gemini3flash/miniF2F-valid-50/aime_1984_p7.json,aime_1984_p7.json
FAILED action has r_env=1.0,failed_full_r_env,action_313,outputs/rollouts/gemini3flash/miniF2F-valid-50/aime_1984_p7.json,aime_1984_p7.json
action has empty extracted_lean_code,missing_extracted_code,action_342,outputs/rollouts/gemini3flash/miniF2F-valid-50/aime_1984_p7.json,aime_1984_p7.json
action has empty extracted_lean_code,missing_extracted_code,action_343,outputs/rollouts/gemini3flash/miniF2F-valid-50/aime_1984_p7.json,aime_1984_p7.json
action has empty extracted_lean_code,missing_extracted_code,action_344,outputs/rollouts/gemini3flash/miniF2F-valid-50/aime_1984_p7.json,aime_1984_p7.json
action has empty extracted_lean_code,missing_extracted_code,action_345,outputs/rollouts/gemini3flash/miniF2F-valid-50/aime_1984_p7.json,aime_1984_p7.json
action has empty extracted_lean_code,missing_extracted_code,action_346,outputs/rollouts/gemini3flash/miniF2F-valid-50/aime_1984_p7.json,aime_1984_p7.json
action has empty extracted_lean_code,missing_extracted_code,action_347,outputs/rollouts/gemini3flash/miniF2F-valid-50/aime_1984_p7.json,aime_1984_p7.json
action has empty extracted_lean_code,missing_extracted_code,action_348,outputs/rollouts/gemini3flash/miniF2F-valid-50/aime_1984_p7.json,aime_1984_p7.json
action has empty extracted_lean_code,missing_extracted_code,action_349,outputs/rollouts/gemini3flash/miniF2F-valid-50/aime_1984_p7.json,aime_1984_p7.json
action has empty extracted_lean_code,missing_extracted_code,action_350,outputs/rollouts/gemini3flash/miniF2F-valid-50/aime_1984_p7.json,aime_1984_p7.json
action has empty extracted_lean_code,missing_extracted_code,action_351,outputs/rollouts/gemini3flash/miniF2F-valid-50/aime_1984_p7.json,aime_1984_p7.json
action has empty extracted_lean_code,missing_extracted_code,action_352,outputs/rollouts/gemini3flash/miniF2F-valid-50/aime_1984_p7.json,aime_1984_p7.json
action has empty extracted_lean_code,missing_extracted_code,action_353,outputs/rollouts/gemini3flash/miniF2F-valid-50/aime_1984_p7.json,aime_1984_p7.json
FAILED action has r_env=1.0,failed_full_r_env,action_409,outputs/rollouts/gemini3flash/miniF2F-valid-50/aime_1984_p7.json,aime_1984_p7.json
action has empty extracted_lean_code,missing_extracted_code,action_463,outputs/rollouts/gemini3flash/miniF2F-valid-50/aime_1984_p7.json,aime_1984_p7.json
length=2; goals=; edges=edge_placeholder ; edge_placeholder,cycle_detected,state_126 -> action_314,outputs/rollouts/gemini3flash/miniF2F-valid-50/aime_1984_p7.json,aime_1984_p7.json
action has empty extracted_lean_code,missing_extracted_code,action_13,outputs/rollouts/gemini3flash/miniF2F-valid-50/aime_1987_p5.json,aime_1987_p5.json
action has empty extracted_lean_code,missing_extracted_code,action_14,outputs/rollouts/gemini3flash/miniF2F-valid-50/aime_1987_p5.json,aime_1987_p5.json
action has empty extracted_lean_code,missing_extracted_code,action_15,outputs/rollouts/gemini3flash/miniF2F-valid-50/aime_1987_p5.json,aime_1987_p5.json
action has empty extracted_lean_code,missing_extracted_code,action_16,outputs/rollouts/gemini3flash/miniF2F-valid-50/aime_1987_p5.json,aime_1987_p5.json
action has empty extracted_lean_code,missing_extracted_code,action_17,outputs/rollouts/gemini3flash/miniF2F-valid-50/aime_1987_p5.json,aime_1987_p5.json
action has empty extracted_lean_code,missing_extracted_code,action_18,outputs/rollouts/gemini3flash/miniF2F-valid-50/aime_1987_p5.json,aime_1987_p5.json
action has empty extracted_lean_code,missing_extracted_code,action_19,outputs/rollouts/gemini3flash/miniF2F-valid-50/aime_1987_p5.json,aime_1987_p5.json
action has empty extracted_lean_code,missing_extracted_code,action_20,outputs/rollouts/gemini3flash/miniF2F-valid-50/aime_1987_p5.json,aime_1987_p5.json
action has empty extracted_lean_code,missing_extracted_code,action_21,outputs/rollouts/gemini3flash/miniF2F-valid-50/aime_1987_p5.json,aime_1987_p5.json
action has empty extracted_lean_code,missing_extracted_code,action_22,outputs/rollouts/gemini3flash/miniF2F-valid-50/aime_1987_p5.json,aime_1987_p5.json
action has empty extracted_lean_code,missing_extracted_code,action_23,outputs/rollouts/gemini3flash/miniF2F-valid-50/aime_1987_p5.json,aime_1987_p5.json
action has empty extracted_lean_code,missing_extracted_code,action_62,outputs/rollouts/gemini3flash/miniF2F-valid-50/aime_1987_p5.json,aime_1987_p5.json
action has empty extracted_lean_code,missing_extracted_code,action_63,outputs/rollouts/gemini3flash/miniF2F-valid-50/aime_1987_p5.json,aime_1987_p5.json
action has empty extracted_lean_code,missing_extracted_code,action_64,outputs/rollouts/gemini3flash/miniF2F-valid-50/aime_1987_p5.json,aime_1987_p5.json
action has empty extracted_lean_code,missing_extracted_code,action_65,outputs/rollouts/gemini3flash/miniF2F-valid-50/aime_1987_p5.json,aime_1987_p5.json
action has empty extracted_lean_code,missing_extracted_code,action_66,outputs/rollouts/gemini3flash/miniF2F-valid-50/aime_1987_p5.json,aime_1987_p5.json
action has empty extracted_lean_code,missing_extracted_code,action_67,outputs/rollouts/gemini3flash/miniF2F-valid-50/aime_1987_p5.json,aime_1987_p5.json
action has empty extracted_lean_code,missing_extracted_code,action_68,outputs/rollouts/gemini3flash/miniF2F-valid-50/aime_1987_p5.json,aime_1987_p5.json
action has empty extracted_lean_code,missing_extracted_code,action_69,outputs/rollouts/gemini3flash/miniF2F-valid-50/aime_1987_p5.json,aime_1987_p5.json
action has empty extracted_lean_code,missing_extracted_code,action_70,outputs/rollouts/gemini3flash/miniF2F-valid-50/aime_1987_p5.json,aime_1987_p5.json
action has empty extracted_lean_code,missing_extracted_code,action_71,outputs/rollouts/gemini3flash/miniF2F-valid-50/aime_1987_p5.json,aime_1987_p5.json
action has empty extracted_lean_code,missing_extracted_code,action_72,outputs/rollouts/gemini3flash/miniF2F-valid-50/aime_1987_p5.json,aime_1987_p5.json
action has empty extracted_lean_code,missing_extracted_code,action_73,outputs/rollouts/gemini3flash/miniF2F-valid-50/aime_1987_p5.json,aime_1987_p5.json
action has empty extracted_lean_code,missing_extracted_code,action_88,outputs/rollouts/gemini3flash/miniF2F-valid-50/aime_1987_p5.json,aime_1987_p5.json
action has empty extracted_lean_code,missing_extracted_code,action_89,outputs/rollouts/gemini3flash/miniF2F-valid-50/aime_1987_p5.json,aime_1987_p5.json
action has empty extracted_lean_code,missing_extracted_code,action_90,outputs/rollouts/gemini3flash/miniF2F-valid-50/aime_1987_p5.json,aime_1987_p5.json
action has empty extracted_lean_code,missing_extracted_code,action_91,outputs/rollouts/gemini3flash/miniF2F-valid-50/aime_1987_p5.json,aime_1987_p5.json
action has empty extracted_lean_code,missing_extracted_code,action_92,outputs/rollouts/gemini3flash/miniF2F-valid-50/aime_1987_p5.json,aime_1987_p5.json
action has empty extracted_lean_code,missing_extracted_code,action_93,outputs/rollouts/gemini3flash/miniF2F-valid-50/aime_1987_p5.json,aime_1987_p5.json
action has empty extracted_lean_code,missing_extracted_code,action_94,outputs/rollouts/gemini3flash/miniF2F-valid-50/aime_1987_p5.json,aime_1987_p5.json
action has empty extracted_lean_code,missing_extracted_code,action_95,outputs/rollouts/gemini3flash/miniF2F-valid-50/aime_1987_p5.json,aime_1987_p5.json
action has empty extracted_lean_code,missing_extracted_code,action_96,outputs/rollouts/gemini3flash/miniF2F-valid-50/aime_1987_p5.json,aime_1987_p5.json
action has empty extracted_lean_code,missing_extracted_code,action_97,outputs/rollouts/gemini3flash/miniF2F-valid-50/aime_1987_p5.json,aime_1987_p5.json
action has empty extracted_lean_code,missing_extracted_code,action_98,outputs/rollouts/gemini3flash/miniF2F-valid-50/aime_1987_p5.json,aime_1987_p5.json
action has empty extracted_lean_code,missing_extracted_code,action_99,outputs/rollouts/gemini3flash/miniF2F-valid-50/aime_1987_p5.json,aime_1987_p5.json
action has empty extracted_lean_code,missing_extracted_code,action_125,outputs/rollouts/gemini3flash/miniF2F-valid-50/aime_1987_p5.json,aime_1987_p5.json
action has empty extracted_lean_code,missing_extracted_code,action_126,outputs/rollouts/gemini3flash/miniF2F-valid-50/aime_1987_p5.json,aime_1987_p5.json
action has empty extracted_lean_code,missing_extracted_code,action_127,outputs/rollouts/gemini3flash/miniF2F-valid-50/aime_1987_p5.json,aime_1987_p5.json
action has empty extracted_lean_code,missing_extracted_code,action_128,outputs/rollouts/gemini3flash/miniF2F-valid-50/aime_1987_p5.json,aime_1987_p5.json
action has empty extracted_lean_code,missing_extracted_code,action_129,outputs/rollouts/gemini3flash/miniF2F-valid-50/aime_1987_p5.json,aime_1987_p5.json
action has empty extracted_lean_code,missing_extracted_code,action_130,outputs/rollouts/gemini3flash/miniF2F-valid-50/aime_1987_p5.json,aime_1987_p5.json
action has empty extracted_lean_code,missing_extracted_code,action_131,outputs/rollouts/gemini3flash/miniF2F-valid-50/aime_1987_p5.json,aime_1987_p5.json
action has empty extracted_lean_code,missing_extracted_code,action_132,outputs/rollouts/gemini3flash/miniF2F-valid-50/aime_1987_p5.json,aime_1987_p5.json
action has empty extracted_lean_code,missing_extracted_code,action_133,outputs/rollouts/gemini3flash/miniF2F-valid-50/aime_1987_p5.json,aime_1987_p5.json
action has empty extracted_lean_code,missing_extracted_code,action_134,outputs/rollouts/gemini3flash/miniF2F-valid-50/aime_1987_p5.json,aime_1987_p5.json
action has empty extracted_lean_code,missing_extracted_code,action_135,outputs/rollouts/gemini3flash/miniF2F-valid-50/aime_1987_p5.json,aime_1987_p5.json
action has empty extracted_lean_code,missing_extracted_code,action_136,outputs/rollouts/gemini3flash/miniF2F-valid-50/aime_1987_p5.json,aime_1987_p5.json
action has empty extracted_lean_code,missing_extracted_code,action_149,outputs/rollouts/gemini3flash/miniF2F-valid-50/aime_1987_p5.json,aime_1987_p5.json
action has empty extracted_lean_code,missing_extracted_code,action_150,outputs/rollouts/gemini3flash/miniF2F-valid-50/aime_1987_p5.json,aime_1987_p5.json
action has empty extracted_lean_code,missing_extracted_code,action_151,outputs/rollouts/gemini3flash/miniF2F-valid-50/aime_1987_p5.json,aime_1987_p5.json
action has empty extracted_lean_code,missing_extracted_code,action_152,outputs/rollouts/gemini3flash/miniF2F-valid-50/aime_1987_p5.json,aime_1987_p5.json
action has empty extracted_lean_code,missing_extracted_code,action_153,outputs/rollouts/gemini3flash/miniF2F-valid-50/aime_1987_p5.json,aime_1987_p5.json
action has empty extracted_lean_code,missing_extracted_code,action_198,outputs/rollouts/gemini3flash/miniF2F-valid-50/aime_1987_p5.json,aime_1987_p5.json
action has empty extracted_lean_code,missing_extracted_code,action_199,outputs/rollouts/gemini3flash/miniF2F-valid-50/aime_1987_p5.json,aime_1987_p5.json
action has empty extracted_lean_code,missing_extracted_code,action_200,outputs/rollouts/gemini3flash/miniF2F-valid-50/aime_1987_p5.json,aime_1987_p5.json
action has empty extracted_lean_code,missing_extracted_code,action_201,outputs/rollouts/gemini3flash/miniF2F-valid-50/aime_1987_p5.json,aime_1987_p5.json
action has empty extracted_lean_code,missing_extracted_code,action_202,outputs/rollouts/gemini3flash/miniF2F-valid-50/aime_1987_p5.json,aime_1987_p5.json
action has empty extracted_lean_code,missing_extracted_code,action_203,outputs/rollouts/gemini3flash/miniF2F-valid-50/aime_1987_p5.json,aime_1987_p5.json
action has empty extracted_lean_code,missing_extracted_code,action_204,outputs/rollouts/gemini3flash/miniF2F-valid-50/aime_1987_p5.json,aime_1987_p5.json
action has empty extracted_lean_code,missing_extracted_code,action_205,outputs/rollouts/gemini3flash/miniF2F-valid-50/aime_1987_p5.json,aime_1987_p5.json
action has empty extracted_lean_code,missing_extracted_code,action_206,outputs/rollouts/gemini3flash/miniF2F-valid-50/aime_1987_p5.json,aime_1987_p5.json
action has empty extracted_lean_code,missing_extracted_code,action_235,outputs/rollouts/gemini3flash/miniF2F-valid-50/aime_1987_p5.json,aime_1987_p5.json
action has empty extracted_lean_code,missing_extracted_code,action_236,outputs/rollouts/gemini3flash/miniF2F-valid-50/aime_1987_p5.json,aime_1987_p5.json
action has empty extracted_lean_code,missing_extracted_code,action_237,outputs/rollouts/gemini3flash/miniF2F-valid-50/aime_1987_p5.json,aime_1987_p5.json
action has empty extracted_lean_code,missing_extracted_code,action_238,outputs/rollouts/gemini3flash/miniF2F-valid-50/aime_1987_p5.json,aime_1987_p5.json
action has empty extracted_lean_code,missing_extracted_code,action_239,outputs/rollouts/gemini3flash/miniF2F-valid-50/aime_1987_p5.json,aime_1987_p5.json
action has empty extracted_lean_code,missing_extracted_code,action_240,outputs/rollouts/gemini3flash/miniF2F-valid-50/aime_1987_p5.json,aime_1987_p5.json
FAILED action has r_env=1.0,failed_full_r_env,action_261,outputs/rollouts/gemini3flash/miniF2F-valid-50/aime_1987_p5.json,aime_1987_p5.json
action has empty extracted_lean_code,missing_extracted_code,action_296,outputs/rollouts/gemini3flash/miniF2F-valid-50/aime_1987_p5.json,aime_1987_p5.json
action has empty extracted_lean_code,missing_extracted_code,action_297,outputs/rollouts/gemini3flash/miniF2F-valid-50/aime_1987_p5.json,aime_1987_p5.json
action has empty extracted_lean_code,missing_extracted_code,action_298,outputs/rollouts/gemini3flash/miniF2F-valid-50/aime_1987_p5.json,aime_1987_p5.json
action has empty extracted_lean_code,missing_extracted_code,action_299,outputs/rollouts/gemini3flash/miniF2F-valid-50/aime_1987_p5.json,aime_1987_p5.json
FAILED action has r_env=1.0,failed_full_r_env,action_453,outputs/rollouts/gemini3flash/miniF2F-valid-50/aime_1987_p5.json,aime_1987_p5.json
FAILED action has r_env=1.0,failed_full_r_env,action_149,outputs/rollouts/gemini3flash/miniF2F-valid-50/aime_1988_p8.json,aime_1988_p8.json
FAILED action has r_env=1.0,failed_full_r_env,action_150,outputs/rollouts/gemini3flash/miniF2F-valid-50/aime_1988_p8.json,aime_1988_p8.json
FAILED action has r_env=1.0,failed_full_r_env,action_156,outputs/rollouts/gemini3flash/miniF2F-valid-50/aime_1988_p8.json,aime_1988_p8.json
FAILED action has r_env=1.0,failed_full_r_env,action_159,outputs/rollouts/gemini3flash/miniF2F-valid-50/aime_1988_p8.json,aime_1988_p8.json
FAILED action has r_env=1.0,failed_full_r_env,action_164,outputs/rollouts/gemini3flash/miniF2F-valid-50/aime_1988_p8.json,aime_1988_p8.json
FAILED action has r_env=1.0,failed_full_r_env,action_167,outputs/rollouts/gemini3flash/miniF2F-valid-50/aime_1988_p8.json,aime_1988_p8.json
FAILED action has r_env=1.0,failed_full_r_env,action_176,outputs/rollouts/gemini3flash/miniF2F-valid-50/aime_1988_p8.json,aime_1988_p8.json
FAILED action has r_env=1.0,failed_full_r_env,action_178,outputs/rollouts/gemini3flash/miniF2F-valid-50/aime_1988_p8.json,aime_1988_p8.json
FAILED action has r_env=1.0,failed_full_r_env,action_180,outputs/rollouts/gemini3flash/miniF2F-valid-50/aime_1988_p8.json,aime_1988_p8.json
FAILED action has r_env=1.0,failed_full_r_env,action_184,outputs/rollouts/gemini3flash/miniF2F-valid-50/aime_1988_p8.json,aime_1988_p8.json
action has empty extracted_lean_code,missing_extracted_code,action_186,outputs/rollouts/gemini3flash/miniF2F-valid-50/aime_1988_p8.json,aime_1988_p8.json
FAILED action has r_env=1.0,failed_full_r_env,action_202,outputs/rollouts/gemini3flash/miniF2F-valid-50/aime_1988_p8.json,aime_1988_p8.json
FAILED action has r_env=1.0,failed_full_r_env,action_207,outputs/rollouts/gemini3flash/miniF2F-valid-50/aime_1988_p8.json,aime_1988_p8.json
FAILED action has r_env=1.0,failed_full_r_env,action_232,outputs/rollouts/gemini3flash/miniF2F-valid-50/aime_1988_p8.json,aime_1988_p8.json
FAILED action has r_env=1.0,failed_full_r_env,action_233,outputs/rollouts/gemini3flash/miniF2F-valid-50/aime_1988_p8.json,aime_1988_p8.json
FAILED action has r_env=1.0,failed_full_r_env,action_236,outputs/rollouts/gemini3flash/miniF2F-valid-50/aime_1988_p8.json,aime_1988_p8.json
FAILED action has r_env=1.0,failed_full_r_env,action_237,outputs/rollouts/gemini3flash/miniF2F-valid-50/aime_1988_p8.json,aime_1988_p8.json
FAILED action has r_env=1.0,failed_full_r_env,action_238,outputs/rollouts/gemini3flash/miniF2F-valid-50/aime_1988_p8.json,aime_1988_p8.json
FAILED action has r_env=1.0,failed_full_r_env,action_240,outputs/rollouts/gemini3flash/miniF2F-valid-50/aime_1988_p8.json,aime_1988_p8.json
FAILED action has r_env=1.0,failed_full_r_env,action_246,outputs/rollouts/gemini3flash/miniF2F-valid-50/aime_1988_p8.json,aime_1988_p8.json
FAILED action has r_env=1.0,failed_full_r_env,action_271,outputs/rollouts/gemini3flash/miniF2F-valid-50/aime_1988_p8.json,aime_1988_p8.json
FAILED action has r_env=1.0,failed_full_r_env,action_275,outputs/rollouts/gemini3flash/miniF2F-valid-50/aime_1988_p8.json,aime_1988_p8.json
FAILED action has r_env=1.0,failed_full_r_env,action_400,outputs/rollouts/gemini3flash/miniF2F-valid-50/aime_1988_p8.json,aime_1988_p8.json
FAILED action has r_env=1.0,failed_full_r_env,action_407,outputs/rollouts/gemini3flash/miniF2F-valid-50/aime_1988_p8.json,aime_1988_p8.json
FAILED action has r_env=1.0,failed_full_r_env,action_437,outputs/rollouts/gemini3flash/miniF2F-valid-50/aime_1988_p8.json,aime_1988_p8.json
FAILED action has r_env=1.0,failed_full_r_env,action_470,outputs/rollouts/gemini3flash/miniF2F-valid-50/aime_1988_p8.json,aime_1988_p8.json
FAILED action has r_env=1.0,failed_full_r_env,action_473,outputs/rollouts/gemini3flash/miniF2F-valid-50/aime_1988_p8.json,aime_1988_p8.json
FAILED action has r_env=1.0,failed_full_r_env,action_479,outputs/rollouts/gemini3flash/miniF2F-valid-50/aime_1988_p8.json,aime_1988_p8.json
action has empty extracted_lean_code,missing_extracted_code,action_244,outputs/rollouts/gemini3flash/miniF2F-valid-50/aime_1990_p15.json,aime_1990_p15.json
FAILED action has r_env=1.0,failed_full_r_env,action_39,outputs/rollouts/gemini3flash/miniF2F-valid-50/aime_1990_p4.json,aime_1990_p4.json
action has empty extracted_lean_code,missing_extracted_code,action_62,outputs/rollouts/gemini3flash/miniF2F-valid-50/aime_1990_p4.json,aime_1990_p4.json
action has empty extracted_lean_code,missing_extracted_code,action_64,outputs/rollouts/gemini3flash/miniF2F-valid-50/aime_1990_p4.json,aime_1990_p4.json
action has empty extracted_lean_code,missing_extracted_code,action_74,outputs/rollouts/gemini3flash/miniF2F-valid-50/aime_1990_p4.json,aime_1990_p4.json
action has empty extracted_lean_code,missing_extracted_code,action_78,outputs/rollouts/gemini3flash/miniF2F-valid-50/aime_1990_p4.json,aime_1990_p4.json
action has empty extracted_lean_code,missing_extracted_code,action_79,outputs/rollouts/gemini3flash/miniF2F-valid-50/aime_1990_p4.json,aime_1990_p4.json
FAILED action has r_env=1.0,failed_full_r_env,action_86,outputs/rollouts/gemini3flash/miniF2F-valid-50/aime_1990_p4.json,aime_1990_p4.json
FAILED action has r_env=1.0,failed_full_r_env,action_88,outputs/rollouts/gemini3flash/miniF2F-valid-50/aime_1990_p4.json,aime_1990_p4.json
action has empty extracted_lean_code,missing_extracted_code,action_164,outputs/rollouts/gemini3flash/miniF2F-valid-50/aime_1990_p4.json,aime_1990_p4.json
action has empty extracted_lean_code,missing_extracted_code,action_165,outputs/rollouts/gemini3flash/miniF2F-valid-50/aime_1990_p4.json,aime_1990_p4.json
action has empty extracted_lean_code,missing_extracted_code,action_166,outputs/rollouts/gemini3flash/miniF2F-valid-50/aime_1990_p4.json,aime_1990_p4.json
action has empty extracted_lean_code,missing_extracted_code,action_167,outputs/rollouts/gemini3flash/miniF2F-valid-50/aime_1990_p4.json,aime_1990_p4.json
action has empty extracted_lean_code,missing_extracted_code,action_168,outputs/rollouts/gemini3flash/miniF2F-valid-50/aime_1990_p4.json,aime_1990_p4.json
action has empty extracted_lean_code,missing_extracted_code,action_169,outputs/rollouts/gemini3flash/miniF2F-valid-50/aime_1990_p4.json,aime_1990_p4.json
action has empty extracted_lean_code,missing_extracted_code,action_170,outputs/rollouts/gemini3flash/miniF2F-valid-50/aime_1990_p4.json,aime_1990_p4.json
action has empty extracted_lean_code,missing_extracted_code,action_171,outputs/rollouts/gemini3flash/miniF2F-valid-50/aime_1990_p4.json,aime_1990_p4.json
action has empty extracted_lean_code,missing_extracted_code,action_172,outputs/rollouts/gemini3flash/miniF2F-valid-50/aime_1990_p4.json,aime_1990_p4.json
action has empty extracted_lean_code,missing_extracted_code,action_173,outputs/rollouts/gemini3flash/miniF2F-valid-50/aime_1990_p4.json,aime_1990_p4.json
action has empty extracted_lean_code,missing_extracted_code,action_174,outputs/rollouts/gemini3flash/miniF2F-valid-50/aime_1990_p4.json,aime_1990_p4.json
action has empty extracted_lean_code,missing_extracted_code,action_175,outputs/rollouts/gemini3flash/miniF2F-valid-50/aime_1990_p4.json,aime_1990_p4.json
action has empty extracted_lean_code,missing_extracted_code,action_176,outputs/rollouts/gemini3flash/miniF2F-valid-50/aime_1990_p4.json,aime_1990_p4.json
action has empty extracted_lean_code,missing_extracted_code,action_177,outputs/rollouts/gemini3flash/miniF2F-valid-50/aime_1990_p4.json,aime_1990_p4.json
action has empty extracted_lean_code,missing_extracted_code,action_178,outputs/rollouts/gemini3flash/miniF2F-valid-50/aime_1990_p4.json,aime_1990_p4.json
action has empty extracted_lean_code,missing_extracted_code,action_179,outputs/rollouts/gemini3flash/miniF2F-valid-50/aime_1990_p4.json,aime_1990_p4.json
action has empty extracted_lean_code,missing_extracted_code,action_180,outputs/rollouts/gemini3flash/miniF2F-valid-50/aime_1990_p4.json,aime_1990_p4.json
action has empty extracted_lean_code,missing_extracted_code,action_188,outputs/rollouts/gemini3flash/miniF2F-valid-50/aime_1990_p4.json,aime_1990_p4.json
action has empty extracted_lean_code,missing_extracted_code,action_189,outputs/rollouts/gemini3flash/miniF2F-valid-50/aime_1990_p4.json,aime_1990_p4.json
action has empty extracted_lean_code,missing_extracted_code,action_190,outputs/rollouts/gemini3flash/miniF2F-valid-50/aime_1990_p4.json,aime_1990_p4.json
action has empty extracted_lean_code,missing_extracted_code,action_191,outputs/rollouts/gemini3flash/miniF2F-valid-50/aime_1990_p4.json,aime_1990_p4.json
action has empty extracted_lean_code,missing_extracted_code,action_192,outputs/rollouts/gemini3flash/miniF2F-valid-50/aime_1990_p4.json,aime_1990_p4.json
action has empty extracted_lean_code,missing_extracted_code,action_193,outputs/rollouts/gemini3flash/miniF2F-valid-50/aime_1990_p4.json,aime_1990_p4.json
action has empty extracted_lean_code,missing_extracted_code,action_194,outputs/rollouts/gemini3flash/miniF2F-valid-50/aime_1990_p4.json,aime_1990_p4.json
FAILED action has r_env=1.0,failed_full_r_env,action_195,outputs/rollouts/gemini3flash/miniF2F-valid-50/aime_1990_p4.json,aime_1990_p4.json
FAILED action has r_env=1.0,failed_full_r_env,action_196,outputs/rollouts/gemini3flash/miniF2F-valid-50/aime_1990_p4.json,aime_1990_p4.json
FAILED action has r_env=1.0,failed_full_r_env,action_197,outputs/rollouts/gemini3flash/miniF2F-valid-50/aime_1990_p4.json,aime_1990_p4.json
FAILED action has r_env=1.0,failed_full_r_env,action_198,outputs/rollouts/gemini3flash/miniF2F-valid-50/aime_1990_p4.json,aime_1990_p4.json
FAILED action has r_env=1.0,failed_full_r_env,action_200,outputs/rollouts/gemini3flash/miniF2F-valid-50/aime_1990_p4.json,aime_1990_p4.json
FAILED action has r_env=1.0,failed_full_r_env,action_201,outputs/rollouts/gemini3flash/miniF2F-valid-50/aime_1990_p4.json,aime_1990_p4.json
FAILED action has r_env=1.0,failed_full_r_env,action_203,outputs/rollouts/gemini3flash/miniF2F-valid-50/aime_1990_p4.json,aime_1990_p4.json
FAILED action has r_env=1.0,failed_full_r_env,action_204,outputs/rollouts/gemini3flash/miniF2F-valid-50/aime_1990_p4.json,aime_1990_p4.json
FAILED action has r_env=1.0,failed_full_r_env,action_205,outputs/rollouts/gemini3flash/miniF2F-valid-50/aime_1990_p4.json,aime_1990_p4.json
FAILED action has r_env=1.0,failed_full_r_env,action_206,outputs/rollouts/gemini3flash/miniF2F-valid-50/aime_1990_p4.json,aime_1990_p4.json
FAILED action has r_env=1.0,failed_full_r_env,action_207,outputs/rollouts/gemini3flash/miniF2F-valid-50/aime_1990_p4.json,aime_1990_p4.json
FAILED action has r_env=1.0,failed_full_r_env,action_208,outputs/rollouts/gemini3flash/miniF2F-valid-50/aime_1990_p4.json,aime_1990_p4.json
FAILED action has r_env=1.0,failed_full_r_env,action_210,outputs/rollouts/gemini3flash/miniF2F-valid-50/aime_1990_p4.json,aime_1990_p4.json
FAILED action has r_env=1.0,failed_full_r_env,action_211,outputs/rollouts/gemini3flash/miniF2F-valid-50/aime_1990_p4.json,aime_1990_p4.json
action has empty extracted_lean_code,missing_extracted_code,action_307,outputs/rollouts/gemini3flash/miniF2F-valid-50/aime_1990_p4.json,aime_1990_p4.json
action has empty extracted_lean_code,missing_extracted_code,action_308,outputs/rollouts/gemini3flash/miniF2F-valid-50/aime_1990_p4.json,aime_1990_p4.json
action has empty extracted_lean_code,missing_extracted_code,action_309,outputs/rollouts/gemini3flash/miniF2F-valid-50/aime_1990_p4.json,aime_1990_p4.json
action has empty extracted_lean_code,missing_extracted_code,action_310,outputs/rollouts/gemini3flash/miniF2F-valid-50/aime_1990_p4.json,aime_1990_p4.json
action has empty extracted_lean_code,missing_extracted_code,action_311,outputs/rollouts/gemini3flash/miniF2F-valid-50/aime_1990_p4.json,aime_1990_p4.json
action has empty extracted_lean_code,missing_extracted_code,action_312,outputs/rollouts/gemini3flash/miniF2F-valid-50/aime_1990_p4.json,aime_1990_p4.json
action has empty extracted_lean_code,missing_extracted_code,action_313,outputs/rollouts/gemini3flash/miniF2F-valid-50/aime_1990_p4.json,aime_1990_p4.json
action has empty extracted_lean_code,missing_extracted_code,action_314,outputs/rollouts/gemini3flash/miniF2F-valid-50/aime_1990_p4.json,aime_1990_p4.json
FAILED action has r_env=1.0,failed_full_r_env,action_340,outputs/rollouts/gemini3flash/miniF2F-valid-50/aime_1990_p4.json,aime_1990_p4.json
action has empty extracted_lean_code,missing_extracted_code,action_344,outputs/rollouts/gemini3flash/miniF2F-valid-50/aime_1990_p4.json,aime_1990_p4.json
action has empty extracted_lean_code,missing_extracted_code,action_345,outputs/rollouts/gemini3flash/miniF2F-valid-50/aime_1990_p4.json,aime_1990_p4.json
action has empty extracted_lean_code,missing_extracted_code,action_346,outputs/rollouts/gemini3flash/miniF2F-valid-50/aime_1990_p4.json,aime_1990_p4.json
FAILED action has r_env=1.0,failed_full_r_env,action_349,outputs/rollouts/gemini3flash/miniF2F-valid-50/aime_1990_p4.json,aime_1990_p4.json
action has empty extracted_lean_code,missing_extracted_code,action_0,outputs/rollouts/gemini3flash/miniF2F-valid-50/aime_1991_p9.json,aime_1991_p9.json
action has empty extracted_lean_code,missing_extracted_code,action_12,outputs/rollouts/gemini3flash/miniF2F-valid-50/aime_1991_p9.json,aime_1991_p9.json
FAILED action has r_env=1.0,failed_full_r_env,action_53,outputs/rollouts/gemini3flash/miniF2F-valid-50/aime_1991_p9.json,aime_1991_p9.json
FAILED action has r_env=1.0,failed_full_r_env,action_60,outputs/rollouts/gemini3flash/miniF2F-valid-50/aime_1991_p9.json,aime_1991_p9.json
FAILED action has r_env=1.0,failed_full_r_env,action_112,outputs/rollouts/gemini3flash/miniF2F-valid-50/aime_1991_p9.json,aime_1991_p9.json
FAILED action has r_env=1.0,failed_full_r_env,action_118,outputs/rollouts/gemini3flash/miniF2F-valid-50/aime_1991_p9.json,aime_1991_p9.json
FAILED action has r_env=1.0,failed_full_r_env,action_119,outputs/rollouts/gemini3flash/miniF2F-valid-50/aime_1991_p9.json,aime_1991_p9.json
FAILED action has r_env=1.0,failed_full_r_env,action_146,outputs/rollouts/gemini3flash/miniF2F-valid-50/aime_1991_p9.json,aime_1991_p9.json
FAILED action has r_env=1.0,failed_full_r_env,action_148,outputs/rollouts/gemini3flash/miniF2F-valid-50/aime_1991_p9.json,aime_1991_p9.json
FAILED action has r_env=1.0,failed_full_r_env,action_162,outputs/rollouts/gemini3flash/miniF2F-valid-50/aime_1991_p9.json,aime_1991_p9.json
FAILED action has r_env=1.0,failed_full_r_env,action_163,outputs/rollouts/gemini3flash/miniF2F-valid-50/aime_1991_p9.json,aime_1991_p9.json
FAILED action has r_env=1.0,failed_full_r_env,action_164,outputs/rollouts/gemini3flash/miniF2F-valid-50/aime_1991_p9.json,aime_1991_p9.json
FAILED action has r_env=1.0,failed_full_r_env,action_165,outputs/rollouts/gemini3flash/miniF2F-valid-50/aime_1991_p9.json,aime_1991_p9.json
FAILED action has r_env=1.0,failed_full_r_env,action_167,outputs/rollouts/gemini3flash/miniF2F-valid-50/aime_1991_p9.json,aime_1991_p9.json
FAILED action has r_env=1.0,failed_full_r_env,action_168,outputs/rollouts/gemini3flash/miniF2F-valid-50/aime_1991_p9.json,aime_1991_p9.json
FAILED action has r_env=1.0,failed_full_r_env,action_169,outputs/rollouts/gemini3flash/miniF2F-valid-50/aime_1991_p9.json,aime_1991_p9.json
FAILED action has r_env=1.0,failed_full_r_env,action_172,outputs/rollouts/gemini3flash/miniF2F-valid-50/aime_1991_p9.json,aime_1991_p9.json
FAILED action has r_env=1.0,failed_full_r_env,action_173,outputs/rollouts/gemini3flash/miniF2F-valid-50/aime_1991_p9.json,aime_1991_p9.json
FAILED action has r_env=1.0,failed_full_r_env,action_186,outputs/rollouts/gemini3flash/miniF2F-valid-50/aime_1991_p9.json,aime_1991_p9.json
FAILED action has r_env=1.0,failed_full_r_env,action_190,outputs/rollouts/gemini3flash/miniF2F-valid-50/aime_1991_p9.json,aime_1991_p9.json
FAILED action has r_env=1.0,failed_full_r_env,action_193,outputs/rollouts/gemini3flash/miniF2F-valid-50/aime_1991_p9.json,aime_1991_p9.json
FAILED action has r_env=1.0,failed_full_r_env,action_197,outputs/rollouts/gemini3flash/miniF2F-valid-50/aime_1991_p9.json,aime_1991_p9.json
FAILED action has r_env=1.0,failed_full_r_env,action_249,outputs/rollouts/gemini3flash/miniF2F-valid-50/aime_1991_p9.json,aime_1991_p9.json
FAILED action has r_env=1.0,failed_full_r_env,action_251,outputs/rollouts/gemini3flash/miniF2F-valid-50/aime_1991_p9.json,aime_1991_p9.json
FAILED action has r_env=1.0,failed_full_r_env,action_252,outputs/rollouts/gemini3flash/miniF2F-valid-50/aime_1991_p9.json,aime_1991_p9.json
FAILED action has r_env=1.0,failed_full_r_env,action_254,outputs/rollouts/gemini3flash/miniF2F-valid-50/aime_1991_p9.json,aime_1991_p9.json
FAILED action has r_env=1.0,failed_full_r_env,action_257,outputs/rollouts/gemini3flash/miniF2F-valid-50/aime_1991_p9.json,aime_1991_p9.json
FAILED action has r_env=1.0,failed_full_r_env,action_303,outputs/rollouts/gemini3flash/miniF2F-valid-50/aime_1991_p9.json,aime_1991_p9.json
action has empty extracted_lean_code,missing_extracted_code,action_384,outputs/rollouts/gemini3flash/miniF2F-valid-50/aime_1991_p9.json,aime_1991_p9.json
FAILED action has r_env=1.0,failed_full_r_env,action_399,outputs/rollouts/gemini3flash/miniF2F-valid-50/aime_1991_p9.json,aime_1991_p9.json
FAILED action has r_env=1.0,failed_full_r_env,action_444,outputs/rollouts/gemini3flash/miniF2F-valid-50/aime_1991_p9.json,aime_1991_p9.json
FAILED action has r_env=1.0,failed_full_r_env,action_2,outputs/rollouts/gemini3flash/miniF2F-valid-50/aime_1994_p3.json,aime_1994_p3.json
FAILED action has r_env=1.0,failed_full_r_env,action_26,outputs/rollouts/gemini3flash/miniF2F-valid-50/aime_1994_p3.json,aime_1994_p3.json
FAILED action has r_env=1.0,failed_full_r_env,action_27,outputs/rollouts/gemini3flash/miniF2F-valid-50/aime_1994_p3.json,aime_1994_p3.json
FAILED action has r_env=1.0,failed_full_r_env,action_28,outputs/rollouts/gemini3flash/miniF2F-valid-50/aime_1994_p3.json,aime_1994_p3.json
FAILED action has r_env=1.0,failed_full_r_env,action_29,outputs/rollouts/gemini3flash/miniF2F-valid-50/aime_1994_p3.json,aime_1994_p3.json
FAILED action has r_env=1.0,failed_full_r_env,action_30,outputs/rollouts/gemini3flash/miniF2F-valid-50/aime_1994_p3.json,aime_1994_p3.json
FAILED action has r_env=1.0,failed_full_r_env,action_31,outputs/rollouts/gemini3flash/miniF2F-valid-50/aime_1994_p3.json,aime_1994_p3.json
FAILED action has r_env=1.0,failed_full_r_env,action_32,outputs/rollouts/gemini3flash/miniF2F-valid-50/aime_1994_p3.json,aime_1994_p3.json
FAILED action has r_env=1.0,failed_full_r_env,action_33,outputs/rollouts/gemini3flash/miniF2F-valid-50/aime_1994_p3.json,aime_1994_p3.json
FAILED action has r_env=1.0,failed_full_r_env,action_34,outputs/rollouts/gemini3flash/miniF2F-valid-50/aime_1994_p3.json,aime_1994_p3.json
FAILED action has r_env=1.0,failed_full_r_env,action_36,outputs/rollouts/gemini3flash/miniF2F-valid-50/aime_1994_p3.json,aime_1994_p3.json
FAILED action has r_env=1.0,failed_full_r_env,action_37,outputs/rollouts/gemini3flash/miniF2F-valid-50/aime_1994_p3.json,aime_1994_p3.json
action has empty extracted_lean_code,missing_extracted_code,action_162,outputs/rollouts/gemini3flash/miniF2F-valid-50/aime_1994_p3.json,aime_1994_p3.json
action has empty extracted_lean_code,missing_extracted_code,action_163,outputs/rollouts/gemini3flash/miniF2F-valid-50/aime_1994_p3.json,aime_1994_p3.json
action has empty extracted_lean_code,missing_extracted_code,action_164,outputs/rollouts/gemini3flash/miniF2F-valid-50/aime_1994_p3.json,aime_1994_p3.json
action has empty extracted_lean_code,missing_extracted_code,action_165,outputs/rollouts/gemini3flash/miniF2F-valid-50/aime_1994_p3.json,aime_1994_p3.json
action has empty extracted_lean_code,missing_extracted_code,action_166,outputs/rollouts/gemini3flash/miniF2F-valid-50/aime_1994_p3.json,aime_1994_p3.json
action has empty extracted_lean_code,missing_extracted_code,action_167,outputs/rollouts/gemini3flash/miniF2F-valid-50/aime_1994_p3.json,aime_1994_p3.json
action has empty extracted_lean_code,missing_extracted_code,action_168,outputs/rollouts/gemini3flash/miniF2F-valid-50/aime_1994_p3.json,aime_1994_p3.json
action has empty extracted_lean_code,missing_extracted_code,action_169,outputs/rollouts/gemini3flash/miniF2F-valid-50/aime_1994_p3.json,aime_1994_p3.json
action has empty extracted_lean_code,missing_extracted_code,action_171,outputs/rollouts/gemini3flash/miniF2F-valid-50/aime_1994_p3.json,aime_1994_p3.json
action has empty extracted_lean_code,missing_extracted_code,action_172,outputs/rollouts/gemini3flash/miniF2F-valid-50/aime_1994_p3.json,aime_1994_p3.json
action has empty extracted_lean_code,missing_extracted_code,action_173,outputs/rollouts/gemini3flash/miniF2F-valid-50/aime_1994_p3.json,aime_1994_p3.json
action has empty extracted_lean_code,missing_extracted_code,action_176,outputs/rollouts/gemini3flash/miniF2F-valid-50/aime_1994_p3.json,aime_1994_p3.json
action has empty extracted_lean_code,missing_extracted_code,action_177,outputs/rollouts/gemini3flash/miniF2F-valid-50/aime_1994_p3.json,aime_1994_p3.json
action has empty extracted_lean_code,missing_extracted_code,action_178,outputs/rollouts/gemini3flash/miniF2F-valid-50/aime_1994_p3.json,aime_1994_p3.json
action has empty extracted_lean_code,missing_extracted_code,action_179,outputs/rollouts/gemini3flash/miniF2F-valid-50/aime_1994_p3.json,aime_1994_p3.json
action has empty extracted_lean_code,missing_extracted_code,action_180,outputs/rollouts/gemini3flash/miniF2F-valid-50/aime_1994_p3.json,aime_1994_p3.json
action has empty extracted_lean_code,missing_extracted_code,action_181,outputs/rollouts/gemini3flash/miniF2F-valid-50/aime_1994_p3.json,aime_1994_p3.json
action has empty extracted_lean_code,missing_extracted_code,action_182,outputs/rollouts/gemini3flash/miniF2F-valid-50/aime_1994_p3.json,aime_1994_p3.json
action has empty extracted_lean_code,missing_extracted_code,action_183,outputs/rollouts/gemini3flash/miniF2F-valid-50/aime_1994_p3.json,aime_1994_p3.json
action has empty extracted_lean_code,missing_extracted_code,action_184,outputs/rollouts/gemini3flash/miniF2F-valid-50/aime_1994_p3.json,aime_1994_p3.json
action has empty extracted_lean_code,missing_extracted_code,action_185,outputs/rollouts/gemini3flash/miniF2F-valid-50/aime_1994_p3.json,aime_1994_p3.json
action has empty extracted_lean_code,missing_extracted_code,action_186,outputs/rollouts/gemini3flash/miniF2F-valid-50/aime_1994_p3.json,aime_1994_p3.json
action has empty extracted_lean_code,missing_extracted_code,action_187,outputs/rollouts/gemini3flash/miniF2F-valid-50/aime_1994_p3.json,aime_1994_p3.json
action has empty extracted_lean_code,missing_extracted_code,action_188,outputs/rollouts/gemini3flash/miniF2F-valid-50/aime_1994_p3.json,aime_1994_p3.json
action has empty extracted_lean_code,missing_extracted_code,action_189,outputs/rollouts/gemini3flash/miniF2F-valid-50/aime_1994_p3.json,aime_1994_p3.json
action has empty extracted_lean_code,missing_extracted_code,action_190,outputs/rollouts/gemini3flash/miniF2F-valid-50/aime_1994_p3.json,aime_1994_p3.json
action has empty extracted_lean_code,missing_extracted_code,action_191,outputs/rollouts/gemini3flash/miniF2F-valid-50/aime_1994_p3.json,aime_1994_p3.json
action has empty extracted_lean_code,missing_extracted_code,action_200,outputs/rollouts/gemini3flash/miniF2F-valid-50/aime_1994_p3.json,aime_1994_p3.json
action has empty extracted_lean_code,missing_extracted_code,action_201,outputs/rollouts/gemini3flash/miniF2F-valid-50/aime_1994_p3.json,aime_1994_p3.json
action has empty extracted_lean_code,missing_extracted_code,action_202,outputs/rollouts/gemini3flash/miniF2F-valid-50/aime_1994_p3.json,aime_1994_p3.json
action has empty extracted_lean_code,missing_extracted_code,action_203,outputs/rollouts/gemini3flash/miniF2F-valid-50/aime_1994_p3.json,aime_1994_p3.json
action has empty extracted_lean_code,missing_extracted_code,action_204,outputs/rollouts/gemini3flash/miniF2F-valid-50/aime_1994_p3.json,aime_1994_p3.json
action has empty extracted_lean_code,missing_extracted_code,action_205,outputs/rollouts/gemini3flash/miniF2F-valid-50/aime_1994_p3.json,aime_1994_p3.json
action has empty extracted_lean_code,missing_extracted_code,action_206,outputs/rollouts/gemini3flash/miniF2F-valid-50/aime_1994_p3.json,aime_1994_p3.json
action has empty extracted_lean_code,missing_extracted_code,action_207,outputs/rollouts/gemini3flash/miniF2F-valid-50/aime_1994_p3.json,aime_1994_p3.json
action has empty extracted_lean_code,missing_extracted_code,action_208,outputs/rollouts/gemini3flash/miniF2F-valid-50/aime_1994_p3.json,aime_1994_p3.json
action has empty extracted_lean_code,missing_extracted_code,action_209,outputs/rollouts/gemini3flash/miniF2F-valid-50/aime_1994_p3.json,aime_1994_p3.json
FAILED action has r_env=1.0,failed_full_r_env,action_211,outputs/rollouts/gemini3flash/miniF2F-valid-50/aime_1994_p3.json,aime_1994_p3.json
action has empty extracted_lean_code,missing_extracted_code,action_226,outputs/rollouts/gemini3flash/miniF2F-valid-50/aime_1994_p3.json,aime_1994_p3.json
action has empty extracted_lean_code,missing_extracted_code,action_227,outputs/rollouts/gemini3flash/miniF2F-valid-50/aime_1994_p3.json,aime_1994_p3.json
action has empty extracted_lean_code,missing_extracted_code,action_228,outputs/rollouts/gemini3flash/miniF2F-valid-50/aime_1994_p3.json,aime_1994_p3.json
action has empty extracted_lean_code,missing_extracted_code,action_229,outputs/rollouts/gemini3flash/miniF2F-valid-50/aime_1994_p3.json,aime_1994_p3.json
action has empty extracted_lean_code,missing_extracted_code,action_230,outputs/rollouts/gemini3flash/miniF2F-valid-50/aime_1994_p3.json,aime_1994_p3.json
action has empty extracted_lean_code,missing_extracted_code,action_231,outputs/rollouts/gemini3flash/miniF2F-valid-50/aime_1994_p3.json,aime_1994_p3.json
action has empty extracted_lean_code,missing_extracted_code,action_232,outputs/rollouts/gemini3flash/miniF2F-valid-50/aime_1994_p3.json,aime_1994_p3.json
action has empty extracted_lean_code,missing_extracted_code,action_233,outputs/rollouts/gemini3flash/miniF2F-valid-50/aime_1994_p3.json,aime_1994_p3.json
action has empty extracted_lean_code,missing_extracted_code,action_234,outputs/rollouts/gemini3flash/miniF2F-valid-50/aime_1994_p3.json,aime_1994_p3.json
action has empty extracted_lean_code,missing_extracted_code,action_235,outputs/rollouts/gemini3flash/miniF2F-valid-50/aime_1994_p3.json,aime_1994_p3.json
action has empty extracted_lean_code,missing_extracted_code,action_236,outputs/rollouts/gemini3flash/miniF2F-valid-50/aime_1994_p3.json,aime_1994_p3.json
action has empty extracted_lean_code,missing_extracted_code,action_237,outputs/rollouts/gemini3flash/miniF2F-valid-50/aime_1994_p3.json,aime_1994_p3.json
action has empty extracted_lean_code,missing_extracted_code,action_238,outputs/rollouts/gemini3flash/miniF2F-valid-50/aime_1994_p3.json,aime_1994_p3.json
action has empty extracted_lean_code,missing_extracted_code,action_239,outputs/rollouts/gemini3flash/miniF2F-valid-50/aime_1994_p3.json,aime_1994_p3.json
action has empty extracted_lean_code,missing_extracted_code,action_240,outputs/rollouts/gemini3flash/miniF2F-valid-50/aime_1994_p3.json,aime_1994_p3.json
action has empty extracted_lean_code,missing_extracted_code,action_241,outputs/rollouts/gemini3flash/miniF2F-valid-50/aime_1994_p3.json,aime_1994_p3.json
action has empty extracted_lean_code,missing_extracted_code,action_242,outputs/rollouts/gemini3flash/miniF2F-valid-50/aime_1994_p3.json,aime_1994_p3.json
action has empty extracted_lean_code,missing_extracted_code,action_243,outputs/rollouts/gemini3flash/miniF2F-valid-50/aime_1994_p3.json,aime_1994_p3.json
action has empty extracted_lean_code,missing_extracted_code,action_244,outputs/rollouts/gemini3flash/miniF2F-valid-50/aime_1994_p3.json,aime_1994_p3.json
action has empty extracted_lean_code,missing_extracted_code,action_245,outputs/rollouts/gemini3flash/miniF2F-valid-50/aime_1994_p3.json,aime_1994_p3.json
action has empty extracted_lean_code,missing_extracted_code,action_252,outputs/rollouts/gemini3flash/miniF2F-valid-50/aime_1994_p3.json,aime_1994_p3.json
action has empty extracted_lean_code,missing_extracted_code,action_253,outputs/rollouts/gemini3flash/miniF2F-valid-50/aime_1994_p3.json,aime_1994_p3.json
action has empty extracted_lean_code,missing_extracted_code,action_254,outputs/rollouts/gemini3flash/miniF2F-valid-50/aime_1994_p3.json,aime_1994_p3.json
action has empty extracted_lean_code,missing_extracted_code,action_255,outputs/rollouts/gemini3flash/miniF2F-valid-50/aime_1994_p3.json,aime_1994_p3.json
action has empty extracted_lean_code,missing_extracted_code,action_256,outputs/rollouts/gemini3flash/miniF2F-valid-50/aime_1994_p3.json,aime_1994_p3.json
action has empty extracted_lean_code,missing_extracted_code,action_257,outputs/rollouts/gemini3flash/miniF2F-valid-50/aime_1994_p3.json,aime_1994_p3.json
action has empty extracted_lean_code,missing_extracted_code,action_258,outputs/rollouts/gemini3flash/miniF2F-valid-50/aime_1994_p3.json,aime_1994_p3.json
action has empty extracted_lean_code,missing_extracted_code,action_259,outputs/rollouts/gemini3flash/miniF2F-valid-50/aime_1994_p3.json,aime_1994_p3.json
action has empty extracted_lean_code,missing_extracted_code,action_260,outputs/rollouts/gemini3flash/miniF2F-valid-50/aime_1994_p3.json,aime_1994_p3.json
action has empty extracted_lean_code,missing_extracted_code,action_261,outputs/rollouts/gemini3flash/miniF2F-valid-50/aime_1994_p3.json,aime_1994_p3.json
action has empty extracted_lean_code,missing_extracted_code,action_262,outputs/rollouts/gemini3flash/miniF2F-valid-50/aime_1994_p3.json,aime_1994_p3.json
action has empty extracted_lean_code,missing_extracted_code,action_263,outputs/rollouts/gemini3flash/miniF2F-valid-50/aime_1994_p3.json,aime_1994_p3.json
action has empty extracted_lean_code,missing_extracted_code,action_276,outputs/rollouts/gemini3flash/miniF2F-valid-50/aime_1994_p3.json,aime_1994_p3.json
action has empty extracted_lean_code,missing_extracted_code,action_277,outputs/rollouts/gemini3flash/miniF2F-valid-50/aime_1994_p3.json,aime_1994_p3.json
action has empty extracted_lean_code,missing_extracted_code,action_278,outputs/rollouts/gemini3flash/miniF2F-valid-50/aime_1994_p3.json,aime_1994_p3.json
action has empty extracted_lean_code,missing_extracted_code,action_279,outputs/rollouts/gemini3flash/miniF2F-valid-50/aime_1994_p3.json,aime_1994_p3.json
action has empty extracted_lean_code,missing_extracted_code,action_280,outputs/rollouts/gemini3flash/miniF2F-valid-50/aime_1994_p3.json,aime_1994_p3.json
action has empty extracted_lean_code,missing_extracted_code,action_281,outputs/rollouts/gemini3flash/miniF2F-valid-50/aime_1994_p3.json,aime_1994_p3.json
action has empty extracted_lean_code,missing_extracted_code,action_282,outputs/rollouts/gemini3flash/miniF2F-valid-50/aime_1994_p3.json,aime_1994_p3.json
action has empty extracted_lean_code,missing_extracted_code,action_283,outputs/rollouts/gemini3flash/miniF2F-valid-50/aime_1994_p3.json,aime_1994_p3.json
action has empty extracted_lean_code,missing_extracted_code,action_284,outputs/rollouts/gemini3flash/miniF2F-valid-50/aime_1994_p3.json,aime_1994_p3.json
action has empty extracted_lean_code,missing_extracted_code,action_285,outputs/rollouts/gemini3flash/miniF2F-valid-50/aime_1994_p3.json,aime_1994_p3.json
action has empty extracted_lean_code,missing_extracted_code,action_286,outputs/rollouts/gemini3flash/miniF2F-valid-50/aime_1994_p3.json,aime_1994_p3.json
action has empty extracted_lean_code,missing_extracted_code,action_302,outputs/rollouts/gemini3flash/miniF2F-valid-50/aime_1994_p3.json,aime_1994_p3.json
action has empty extracted_lean_code,missing_extracted_code,action_303,outputs/rollouts/gemini3flash/miniF2F-valid-50/aime_1994_p3.json,aime_1994_p3.json
action has empty extracted_lean_code,missing_extracted_code,action_304,outputs/rollouts/gemini3flash/miniF2F-valid-50/aime_1994_p3.json,aime_1994_p3.json
action has empty extracted_lean_code,missing_extracted_code,action_305,outputs/rollouts/gemini3flash/miniF2F-valid-50/aime_1994_p3.json,aime_1994_p3.json
action has empty extracted_lean_code,missing_extracted_code,action_306,outputs/rollouts/gemini3flash/miniF2F-valid-50/aime_1994_p3.json,aime_1994_p3.json
action has empty extracted_lean_code,missing_extracted_code,action_307,outputs/rollouts/gemini3flash/miniF2F-valid-50/aime_1994_p3.json,aime_1994_p3.json
action has empty extracted_lean_code,missing_extracted_code,action_308,outputs/rollouts/gemini3flash/miniF2F-valid-50/aime_1994_p3.json,aime_1994_p3.json
action has empty extracted_lean_code,missing_extracted_code,action_309,outputs/rollouts/gemini3flash/miniF2F-valid-50/aime_1994_p3.json,aime_1994_p3.json
action has empty extracted_lean_code,missing_extracted_code,action_310,outputs/rollouts/gemini3flash/miniF2F-valid-50/aime_1994_p3.json,aime_1994_p3.json
action has empty extracted_lean_code,missing_extracted_code,action_311,outputs/rollouts/gemini3flash/miniF2F-valid-50/aime_1994_p3.json,aime_1994_p3.json
action has empty extracted_lean_code,missing_extracted_code,action_312,outputs/rollouts/gemini3flash/miniF2F-valid-50/aime_1994_p3.json,aime_1994_p3.json
action has empty extracted_lean_code,missing_extracted_code,action_313,outputs/rollouts/gemini3flash/miniF2F-valid-50/aime_1994_p3.json,aime_1994_p3.json
FAILED action has r_env=1.0,failed_full_r_env,action_329,outputs/rollouts/gemini3flash/miniF2F-valid-50/aime_1994_p3.json,aime_1994_p3.json
FAILED action has r_env=1.0,failed_full_r_env,action_337,outputs/rollouts/gemini3flash/miniF2F-valid-50/aime_1994_p3.json,aime_1994_p3.json
action has empty extracted_lean_code,missing_extracted_code,action_461,outputs/rollouts/gemini3flash/miniF2F-valid-50/aime_1994_p3.json,aime_1994_p3.json
action has empty extracted_lean_code,missing_extracted_code,action_462,outputs/rollouts/gemini3flash/miniF2F-valid-50/aime_1994_p3.json,aime_1994_p3.json
action has empty extracted_lean_code,missing_extracted_code,action_463,outputs/rollouts/gemini3flash/miniF2F-valid-50/aime_1994_p3.json,aime_1994_p3.json
action has empty extracted_lean_code,missing_extracted_code,action_464,outputs/rollouts/gemini3flash/miniF2F-valid-50/aime_1994_p3.json,aime_1994_p3.json
action has empty extracted_lean_code,missing_extracted_code,action_465,outputs/rollouts/gemini3flash/miniF2F-valid-50/aime_1994_p3.json,aime_1994_p3.json
action has empty extracted_lean_code,missing_extracted_code,action_466,outputs/rollouts/gemini3flash/miniF2F-valid-50/aime_1994_p3.json,aime_1994_p3.json
action has empty extracted_lean_code,missing_extracted_code,action_467,outputs/rollouts/gemini3flash/miniF2F-valid-50/aime_1994_p3.json,aime_1994_p3.json
action has empty extracted_lean_code,missing_extracted_code,action_468,outputs/rollouts/gemini3flash/miniF2F-valid-50/aime_1994_p3.json,aime_1994_p3.json
action has empty extracted_lean_code,missing_extracted_code,action_469,outputs/rollouts/gemini3flash/miniF2F-valid-50/aime_1994_p3.json,aime_1994_p3.json
action has empty extracted_lean_code,missing_extracted_code,action_470,outputs/rollouts/gemini3flash/miniF2F-valid-50/aime_1994_p3.json,aime_1994_p3.json
action has empty extracted_lean_code,missing_extracted_code,action_481,outputs/rollouts/gemini3flash/miniF2F-valid-50/aime_1994_p3.json,aime_1994_p3.json
action has empty extracted_lean_code,missing_extracted_code,action_482,outputs/rollouts/gemini3flash/miniF2F-valid-50/aime_1994_p3.json,aime_1994_p3.json
action has empty extracted_lean_code,missing_extracted_code,action_483,outputs/rollouts/gemini3flash/miniF2F-valid-50/aime_1994_p3.json,aime_1994_p3.json
action has empty extracted_lean_code,missing_extracted_code,action_484,outputs/rollouts/gemini3flash/miniF2F-valid-50/aime_1994_p3.json,aime_1994_p3.json
action has empty extracted_lean_code,missing_extracted_code,action_485,outputs/rollouts/gemini3flash/miniF2F-valid-50/aime_1994_p3.json,aime_1994_p3.json
action has empty extracted_lean_code,missing_extracted_code,action_486,outputs/rollouts/gemini3flash/miniF2F-valid-50/aime_1994_p3.json,aime_1994_p3.json
action has empty extracted_lean_code,missing_extracted_code,action_487,outputs/rollouts/gemini3flash/miniF2F-valid-50/aime_1994_p3.json,aime_1994_p3.json
action has empty extracted_lean_code,missing_extracted_code,action_488,outputs/rollouts/gemini3flash/miniF2F-valid-50/aime_1994_p3.json,aime_1994_p3.json
action has empty extracted_lean_code,missing_extracted_code,action_489,outputs/rollouts/gemini3flash/miniF2F-valid-50/aime_1994_p3.json,aime_1994_p3.json
action has empty extracted_lean_code,missing_extracted_code,action_490,outputs/rollouts/gemini3flash/miniF2F-valid-50/aime_1994_p3.json,aime_1994_p3.json
action has empty extracted_lean_code,missing_extracted_code,action_491,outputs/rollouts/gemini3flash/miniF2F-valid-50/aime_1994_p3.json,aime_1994_p3.json
action has empty extracted_lean_code,missing_extracted_code,action_492,outputs/rollouts/gemini3flash/miniF2F-valid-50/aime_1994_p3.json,aime_1994_p3.json
length=2; goals=; edges=edge_placeholder ; edge_placeholder,cycle_detected,state_75 -> action_514,outputs/rollouts/gemini3flash/miniF2F-valid-50/aime_1994_p3.json,aime_1994_p3.json
length=2; goals=; edges=edge_placeholder ; edge_placeholder,cycle_detected,state_75 -> action_516,outputs/rollouts/gemini3flash/miniF2F-valid-50/aime_1994_p3.json,aime_1994_p3.json
FAILED action has r_env=1.0,failed_full_r_env,action_96,outputs/rollouts/gemini3flash/miniF2F-valid-50/aime_1995_p7.json,aime_1995_p7.json
FAILED action has r_env=1.0,failed_full_r_env,action_97,outputs/rollouts/gemini3flash/miniF2F-valid-50/aime_1995_p7.json,aime_1995_p7.json
FAILED action has r_env=1.0,failed_full_r_env,action_98,outputs/rollouts/gemini3flash/miniF2F-valid-50/aime_1995_p7.json,aime_1995_p7.json
FAILED action has r_env=1.0,failed_full_r_env,action_99,outputs/rollouts/gemini3flash/miniF2F-valid-50/aime_1995_p7.json,aime_1995_p7.json
FAILED action has r_env=1.0,failed_full_r_env,action_100,outputs/rollouts/gemini3flash/miniF2F-valid-50/aime_1995_p7.json,aime_1995_p7.json
FAILED action has r_env=1.0,failed_full_r_env,action_101,outputs/rollouts/gemini3flash/miniF2F-valid-50/aime_1995_p7.json,aime_1995_p7.json
FAILED action has r_env=1.0,failed_full_r_env,action_102,outputs/rollouts/gemini3flash/miniF2F-valid-50/aime_1995_p7.json,aime_1995_p7.json
FAILED action has r_env=1.0,failed_full_r_env,action_103,outputs/rollouts/gemini3flash/miniF2F-valid-50/aime_1995_p7.json,aime_1995_p7.json
FAILED action has r_env=1.0,failed_full_r_env,action_104,outputs/rollouts/gemini3flash/miniF2F-valid-50/aime_1995_p7.json,aime_1995_p7.json
FAILED action has r_env=1.0,failed_full_r_env,action_105,outputs/rollouts/gemini3flash/miniF2F-valid-50/aime_1995_p7.json,aime_1995_p7.json
action has empty extracted_lean_code,missing_extracted_code,action_225,outputs/rollouts/gemini3flash/miniF2F-valid-50/aime_1995_p7.json,aime_1995_p7.json
action has empty extracted_lean_code,missing_extracted_code,action_226,outputs/rollouts/gemini3flash/miniF2F-valid-50/aime_1995_p7.json,aime_1995_p7.json
action has empty extracted_lean_code,missing_extracted_code,action_227,outputs/rollouts/gemini3flash/miniF2F-valid-50/aime_1995_p7.json,aime_1995_p7.json
action has empty extracted_lean_code,missing_extracted_code,action_228,outputs/rollouts/gemini3flash/miniF2F-valid-50/aime_1995_p7.json,aime_1995_p7.json
action has empty extracted_lean_code,missing_extracted_code,action_229,outputs/rollouts/gemini3flash/miniF2F-valid-50/aime_1995_p7.json,aime_1995_p7.json
action has empty extracted_lean_code,missing_extracted_code,action_230,outputs/rollouts/gemini3flash/miniF2F-valid-50/aime_1995_p7.json,aime_1995_p7.json
action has empty extracted_lean_code,missing_extracted_code,action_231,outputs/rollouts/gemini3flash/miniF2F-valid-50/aime_1995_p7.json,aime_1995_p7.json
action has empty extracted_lean_code,missing_extracted_code,action_232,outputs/rollouts/gemini3flash/miniF2F-valid-50/aime_1995_p7.json,aime_1995_p7.json
action has empty extracted_lean_code,missing_extracted_code,action_233,outputs/rollouts/gemini3flash/miniF2F-valid-50/aime_1995_p7.json,aime_1995_p7.json
action has empty extracted_lean_code,missing_extracted_code,action_234,outputs/rollouts/gemini3flash/miniF2F-valid-50/aime_1995_p7.json,aime_1995_p7.json
action has empty extracted_lean_code,missing_extracted_code,action_235,outputs/rollouts/gemini3flash/miniF2F-valid-50/aime_1995_p7.json,aime_1995_p7.json
action has empty extracted_lean_code,missing_extracted_code,action_236,outputs/rollouts/gemini3flash/miniF2F-valid-50/aime_1995_p7.json,aime_1995_p7.json
action has empty extracted_lean_code,missing_extracted_code,action_241,outputs/rollouts/gemini3flash/miniF2F-valid-50/aime_1995_p7.json,aime_1995_p7.json
action has empty extracted_lean_code,missing_extracted_code,action_242,outputs/rollouts/gemini3flash/miniF2F-valid-50/aime_1995_p7.json,aime_1995_p7.json
action has empty extracted_lean_code,missing_extracted_code,action_243,outputs/rollouts/gemini3flash/miniF2F-valid-50/aime_1995_p7.json,aime_1995_p7.json
action has empty extracted_lean_code,missing_extracted_code,action_244,outputs/rollouts/gemini3flash/miniF2F-valid-50/aime_1995_p7.json,aime_1995_p7.json
action has empty extracted_lean_code,missing_extracted_code,action_245,outputs/rollouts/gemini3flash/miniF2F-valid-50/aime_1995_p7.json,aime_1995_p7.json
action has empty extracted_lean_code,missing_extracted_code,action_246,outputs/rollouts/gemini3flash/miniF2F-valid-50/aime_1995_p7.json,aime_1995_p7.json
action has empty extracted_lean_code,missing_extracted_code,action_247,outputs/rollouts/gemini3flash/miniF2F-valid-50/aime_1995_p7.json,aime_1995_p7.json
action has empty extracted_lean_code,missing_extracted_code,action_248,outputs/rollouts/gemini3flash/miniF2F-valid-50/aime_1995_p7.json,aime_1995_p7.json
action has empty extracted_lean_code,missing_extracted_code,action_249,outputs/rollouts/gemini3flash/miniF2F-valid-50/aime_1995_p7.json,aime_1995_p7.json
action has empty extracted_lean_code,missing_extracted_code,action_250,outputs/rollouts/gemini3flash/miniF2F-valid-50/aime_1995_p7.json,aime_1995_p7.json
action has empty extracted_lean_code,missing_extracted_code,action_251,outputs/rollouts/gemini3flash/miniF2F-valid-50/aime_1995_p7.json,aime_1995_p7.json
action has empty extracted_lean_code,missing_extracted_code,action_252,outputs/rollouts/gemini3flash/miniF2F-valid-50/aime_1995_p7.json,aime_1995_p7.json
action has empty extracted_lean_code,missing_extracted_code,action_257,outputs/rollouts/gemini3flash/miniF2F-valid-50/aime_1995_p7.json,aime_1995_p7.json
action has empty extracted_lean_code,missing_extracted_code,action_258,outputs/rollouts/gemini3flash/miniF2F-valid-50/aime_1995_p7.json,aime_1995_p7.json
action has empty extracted_lean_code,missing_extracted_code,action_259,outputs/rollouts/gemini3flash/miniF2F-valid-50/aime_1995_p7.json,aime_1995_p7.json
action has empty extracted_lean_code,missing_extracted_code,action_260,outputs/rollouts/gemini3flash/miniF2F-valid-50/aime_1995_p7.json,aime_1995_p7.json
FAILED action has r_env=1.0,failed_full_r_env,action_264,outputs/rollouts/gemini3flash/miniF2F-valid-50/aime_1995_p7.json,aime_1995_p7.json
FAILED action has r_env=1.0,failed_full_r_env,action_268,outputs/rollouts/gemini3flash/miniF2F-valid-50/aime_1995_p7.json,aime_1995_p7.json
FAILED action has r_env=1.0,failed_full_r_env,action_280,outputs/rollouts/gemini3flash/miniF2F-valid-50/aime_1995_p7.json,aime_1995_p7.json
action has empty extracted_lean_code,missing_extracted_code,action_285,outputs/rollouts/gemini3flash/miniF2F-valid-50/aime_1995_p7.json,aime_1995_p7.json
action has empty extracted_lean_code,missing_extracted_code,action_286,outputs/rollouts/gemini3flash/miniF2F-valid-50/aime_1995_p7.json,aime_1995_p7.json
action has empty extracted_lean_code,missing_extracted_code,action_287,outputs/rollouts/gemini3flash/miniF2F-valid-50/aime_1995_p7.json,aime_1995_p7.json
action has empty extracted_lean_code,missing_extracted_code,action_288,outputs/rollouts/gemini3flash/miniF2F-valid-50/aime_1995_p7.json,aime_1995_p7.json
FAILED action has r_env=1.0,failed_full_r_env,action_289,outputs/rollouts/gemini3flash/miniF2F-valid-50/aime_1995_p7.json,aime_1995_p7.json
action has empty extracted_lean_code,missing_extracted_code,action_301,outputs/rollouts/gemini3flash/miniF2F-valid-50/aime_1995_p7.json,aime_1995_p7.json
action has empty extracted_lean_code,missing_extracted_code,action_302,outputs/rollouts/gemini3flash/miniF2F-valid-50/aime_1995_p7.json,aime_1995_p7.json
action has empty extracted_lean_code,missing_extracted_code,action_303,outputs/rollouts/gemini3flash/miniF2F-valid-50/aime_1995_p7.json,aime_1995_p7.json
action has empty extracted_lean_code,missing_extracted_code,action_304,outputs/rollouts/gemini3flash/miniF2F-valid-50/aime_1995_p7.json,aime_1995_p7.json
action has empty extracted_lean_code,missing_extracted_code,action_305,outputs/rollouts/gemini3flash/miniF2F-valid-50/aime_1995_p7.json,aime_1995_p7.json
action has empty extracted_lean_code,missing_extracted_code,action_306,outputs/rollouts/gemini3flash/miniF2F-valid-50/aime_1995_p7.json,aime_1995_p7.json
action has empty extracted_lean_code,missing_extracted_code,action_307,outputs/rollouts/gemini3flash/miniF2F-valid-50/aime_1995_p7.json,aime_1995_p7.json
action has empty extracted_lean_code,missing_extracted_code,action_308,outputs/rollouts/gemini3flash/miniF2F-valid-50/aime_1995_p7.json,aime_1995_p7.json
action has empty extracted_lean_code,missing_extracted_code,action_309,outputs/rollouts/gemini3flash/miniF2F-valid-50/aime_1995_p7.json,aime_1995_p7.json
action has empty extracted_lean_code,missing_extracted_code,action_310,outputs/rollouts/gemini3flash/miniF2F-valid-50/aime_1995_p7.json,aime_1995_p7.json
FAILED action has r_env=1.0,failed_full_r_env,action_386,outputs/rollouts/gemini3flash/miniF2F-valid-50/aime_1995_p7.json,aime_1995_p7.json
FAILED action has r_env=1.0,failed_full_r_env,action_394,outputs/rollouts/gemini3flash/miniF2F-valid-50/aime_1995_p7.json,aime_1995_p7.json
FAILED action has r_env=1.0,failed_full_r_env,action_395,outputs/rollouts/gemini3flash/miniF2F-valid-50/aime_1995_p7.json,aime_1995_p7.json
FAILED action has r_env=1.0,failed_full_r_env,action_423,outputs/rollouts/gemini3flash/miniF2F-valid-50/aime_1995_p7.json,aime_1995_p7.json
action has empty extracted_lean_code,missing_extracted_code,action_443,outputs/rollouts/gemini3flash/miniF2F-valid-50/aime_1995_p7.json,aime_1995_p7.json
action has empty extracted_lean_code,missing_extracted_code,action_459,outputs/rollouts/gemini3flash/miniF2F-valid-50/aime_1995_p7.json,aime_1995_p7.json
action has empty extracted_lean_code,missing_extracted_code,action_460,outputs/rollouts/gemini3flash/miniF2F-valid-50/aime_1995_p7.json,aime_1995_p7.json
action has empty extracted_lean_code,missing_extracted_code,action_461,outputs/rollouts/gemini3flash/miniF2F-valid-50/aime_1995_p7.json,aime_1995_p7.json
action has empty extracted_lean_code,missing_extracted_code,action_462,outputs/rollouts/gemini3flash/miniF2F-valid-50/aime_1995_p7.json,aime_1995_p7.json
action has empty extracted_lean_code,missing_extracted_code,action_463,outputs/rollouts/gemini3flash/miniF2F-valid-50/aime_1995_p7.json,aime_1995_p7.json
action has empty extracted_lean_code,missing_extracted_code,action_464,outputs/rollouts/gemini3flash/miniF2F-valid-50/aime_1995_p7.json,aime_1995_p7.json
action has empty extracted_lean_code,missing_extracted_code,action_465,outputs/rollouts/gemini3flash/miniF2F-valid-50/aime_1995_p7.json,aime_1995_p7.json
action has empty extracted_lean_code,missing_extracted_code,action_466,outputs/rollouts/gemini3flash/miniF2F-valid-50/aime_1995_p7.json,aime_1995_p7.json
action has empty extracted_lean_code,missing_extracted_code,action_467,outputs/rollouts/gemini3flash/miniF2F-valid-50/aime_1995_p7.json,aime_1995_p7.json
action has empty extracted_lean_code,missing_extracted_code,action_468,outputs/rollouts/gemini3flash/miniF2F-valid-50/aime_1995_p7.json,aime_1995_p7.json
action has empty extracted_lean_code,missing_extracted_code,action_469,outputs/rollouts/gemini3flash/miniF2F-valid-50/aime_1995_p7.json,aime_1995_p7.json
action has empty extracted_lean_code,missing_extracted_code,action_475,outputs/rollouts/gemini3flash/miniF2F-valid-50/aime_1995_p7.json,aime_1995_p7.json
action has empty extracted_lean_code,missing_extracted_code,action_491,outputs/rollouts/gemini3flash/miniF2F-valid-50/aime_1995_p7.json,aime_1995_p7.json
FAILED action has r_env=1.0,failed_full_r_env,action_492,outputs/rollouts/gemini3flash/miniF2F-valid-50/aime_1995_p7.json,aime_1995_p7.json
FAILED action has r_env=1.0,failed_full_r_env,action_493,outputs/rollouts/gemini3flash/miniF2F-valid-50/aime_1995_p7.json,aime_1995_p7.json
FAILED action has r_env=1.0,failed_full_r_env,action_494,outputs/rollouts/gemini3flash/miniF2F-valid-50/aime_1995_p7.json,aime_1995_p7.json
FAILED action has r_env=1.0,failed_full_r_env,action_495,outputs/rollouts/gemini3flash/miniF2F-valid-50/aime_1995_p7.json,aime_1995_p7.json
FAILED action has r_env=1.0,failed_full_r_env,action_496,outputs/rollouts/gemini3flash/miniF2F-valid-50/aime_1995_p7.json,aime_1995_p7.json
FAILED action has r_env=1.0,failed_full_r_env,action_498,outputs/rollouts/gemini3flash/miniF2F-valid-50/aime_1995_p7.json,aime_1995_p7.json
FAILED action has r_env=1.0,failed_full_r_env,action_499,outputs/rollouts/gemini3flash/miniF2F-valid-50/aime_1995_p7.json,aime_1995_p7.json
FAILED action has r_env=1.0,failed_full_r_env,action_500,outputs/rollouts/gemini3flash/miniF2F-valid-50/aime_1995_p7.json,aime_1995_p7.json
FAILED action has r_env=1.0,failed_full_r_env,action_501,outputs/rollouts/gemini3flash/miniF2F-valid-50/aime_1995_p7.json,aime_1995_p7.json
FAILED action has r_env=1.0,failed_full_r_env,action_502,outputs/rollouts/gemini3flash/miniF2F-valid-50/aime_1995_p7.json,aime_1995_p7.json
length=2; goals=; edges=edge_placeholder ; edge_placeholder,cycle_detected,state_8 -> action_108,outputs/rollouts/gemini3flash/miniF2F-valid-50/aime_1995_p7.json,aime_1995_p7.json
FAILED action has r_env=1.0,failed_full_r_env,action_30,outputs/rollouts/gemini3flash/miniF2F-valid-50/aime_1997_p9.json,aime_1997_p9.json
FAILED action has r_env=1.0,failed_full_r_env,action_79,outputs/rollouts/gemini3flash/miniF2F-valid-50/aime_1997_p9.json,aime_1997_p9.json
FAILED action has r_env=1.0,failed_full_r_env,action_157,outputs/rollouts/gemini3flash/miniF2F-valid-50/aime_1997_p9.json,aime_1997_p9.json
FAILED action has r_env=1.0,failed_full_r_env,action_161,outputs/rollouts/gemini3flash/miniF2F-valid-50/aime_1997_p9.json,aime_1997_p9.json
FAILED action has r_env=1.0,failed_full_r_env,action_237,outputs/rollouts/gemini3flash/miniF2F-valid-50/aime_1997_p9.json,aime_1997_p9.json
length=2; goals=; edges=edge_placeholder ; edge_placeholder,cycle_detected,state_1 -> action_25,outputs/rollouts/gemini3flash/miniF2F-valid-50/aime_1997_p9.json,aime_1997_p9.json
length=2; goals=; edges=edge_placeholder ; edge_placeholder,cycle_detected,state_1 -> action_76,outputs/rollouts/gemini3flash/miniF2F-valid-50/aime_1997_p9.json,aime_1997_p9.json
length=2; goals=; edges=edge_placeholder ; edge_placeholder,cycle_detected,state_1 -> action_150,outputs/rollouts/gemini3flash/miniF2F-valid-50/aime_1997_p9.json,aime_1997_p9.json
action has empty extracted_lean_code,missing_extracted_code,action_0,outputs/rollouts/gemini3flash/miniF2F-valid-50/aime_1999_p11.json,aime_1999_p11.json
action has empty extracted_lean_code,missing_extracted_code,action_1,outputs/rollouts/gemini3flash/miniF2F-valid-50/aime_1999_p11.json,aime_1999_p11.json
action has empty extracted_lean_code,missing_extracted_code,action_2,outputs/rollouts/gemini3flash/miniF2F-valid-50/aime_1999_p11.json,aime_1999_p11.json
action has empty extracted_lean_code,missing_extracted_code,action_3,outputs/rollouts/gemini3flash/miniF2F-valid-50/aime_1999_p11.json,aime_1999_p11.json
action has empty extracted_lean_code,missing_extracted_code,action_4,outputs/rollouts/gemini3flash/miniF2F-valid-50/aime_1999_p11.json,aime_1999_p11.json
action has empty extracted_lean_code,missing_extracted_code,action_185,outputs/rollouts/gemini3flash/miniF2F-valid-50/algebra_9onxpypzleqsum2onxpy.json,algebra_9onxpypzleqsum2onxpy.json
action has empty extracted_lean_code,missing_extracted_code,action_186,outputs/rollouts/gemini3flash/miniF2F-valid-50/algebra_9onxpypzleqsum2onxpy.json,algebra_9onxpypzleqsum2onxpy.json
FAILED action has r_env=1.0,failed_full_r_env,action_409,outputs/rollouts/gemini3flash/miniF2F-valid-50/algebra_9onxpypzleqsum2onxpy.json,algebra_9onxpypzleqsum2onxpy.json
action has empty extracted_lean_code,missing_extracted_code,action_481,outputs/rollouts/gemini3flash/miniF2F-valid-50/algebra_9onxpypzleqsum2onxpy.json,algebra_9onxpypzleqsum2onxpy.json
FAILED action has r_env=1.0,failed_full_r_env,action_505,outputs/rollouts/gemini3flash/miniF2F-valid-50/algebra_9onxpypzleqsum2onxpy.json,algebra_9onxpypzleqsum2onxpy.json
action has empty extracted_lean_code,missing_extracted_code,action_187,outputs/rollouts/gemini3flash/miniF2F-valid-50/algebra_abpbcpcageq3_sumaonsqrtapbgeq3onsqrt2.json,algebra_abpbcpcageq3_sumaonsqrtapbgeq3onsqrt2.json
action has empty extracted_lean_code,missing_extracted_code,action_188,outputs/rollouts/gemini3flash/miniF2F-valid-50/algebra_abpbcpcageq3_sumaonsqrtapbgeq3onsqrt2.json,algebra_abpbcpcageq3_sumaonsqrtapbgeq3onsqrt2.json
action has empty extracted_lean_code,missing_extracted_code,action_189,outputs/rollouts/gemini3flash/miniF2F-valid-50/algebra_abpbcpcageq3_sumaonsqrtapbgeq3onsqrt2.json,algebra_abpbcpcageq3_sumaonsqrtapbgeq3onsqrt2.json
action has empty extracted_lean_code,missing_extracted_code,action_190,outputs/rollouts/gemini3flash/miniF2F-valid-50/algebra_abpbcpcageq3_sumaonsqrtapbgeq3onsqrt2.json,algebra_abpbcpcageq3_sumaonsqrtapbgeq3onsqrt2.json
action has empty extracted_lean_code,missing_extracted_code,action_191,outputs/rollouts/gemini3flash/miniF2F-valid-50/algebra_abpbcpcageq3_sumaonsqrtapbgeq3onsqrt2.json,algebra_abpbcpcageq3_sumaonsqrtapbgeq3onsqrt2.json
action has empty extracted_lean_code,missing_extracted_code,action_192,outputs/rollouts/gemini3flash/miniF2F-valid-50/algebra_abpbcpcageq3_sumaonsqrtapbgeq3onsqrt2.json,algebra_abpbcpcageq3_sumaonsqrtapbgeq3onsqrt2.json
action has empty extracted_lean_code,missing_extracted_code,action_193,outputs/rollouts/gemini3flash/miniF2F-valid-50/algebra_abpbcpcageq3_sumaonsqrtapbgeq3onsqrt2.json,algebra_abpbcpcageq3_sumaonsqrtapbgeq3onsqrt2.json
action has empty extracted_lean_code,missing_extracted_code,action_194,outputs/rollouts/gemini3flash/miniF2F-valid-50/algebra_abpbcpcageq3_sumaonsqrtapbgeq3onsqrt2.json,algebra_abpbcpcageq3_sumaonsqrtapbgeq3onsqrt2.json
action has empty extracted_lean_code,missing_extracted_code,action_195,outputs/rollouts/gemini3flash/miniF2F-valid-50/algebra_abpbcpcageq3_sumaonsqrtapbgeq3onsqrt2.json,algebra_abpbcpcageq3_sumaonsqrtapbgeq3onsqrt2.json
action has empty extracted_lean_code,missing_extracted_code,action_196,outputs/rollouts/gemini3flash/miniF2F-valid-50/algebra_abpbcpcageq3_sumaonsqrtapbgeq3onsqrt2.json,algebra_abpbcpcageq3_sumaonsqrtapbgeq3onsqrt2.json
action has empty extracted_lean_code,missing_extracted_code,action_197,outputs/rollouts/gemini3flash/miniF2F-valid-50/algebra_abpbcpcageq3_sumaonsqrtapbgeq3onsqrt2.json,algebra_abpbcpcageq3_sumaonsqrtapbgeq3onsqrt2.json
action has empty extracted_lean_code,missing_extracted_code,action_198,outputs/rollouts/gemini3flash/miniF2F-valid-50/algebra_abpbcpcageq3_sumaonsqrtapbgeq3onsqrt2.json,algebra_abpbcpcageq3_sumaonsqrtapbgeq3onsqrt2.json
FAILED action has r_env=1.0,failed_full_r_env,action_228,outputs/rollouts/gemini3flash/miniF2F-valid-50/algebra_abpbcpcageq3_sumaonsqrtapbgeq3onsqrt2.json,algebra_abpbcpcageq3_sumaonsqrtapbgeq3onsqrt2.json
action has empty extracted_lean_code,missing_extracted_code,action_495,outputs/rollouts/gemini3flash/miniF2F-valid-50/algebra_abpbcpcageq3_sumaonsqrtapbgeq3onsqrt2.json,algebra_abpbcpcageq3_sumaonsqrtapbgeq3onsqrt2.json
action has empty extracted_lean_code,missing_extracted_code,action_496,outputs/rollouts/gemini3flash/miniF2F-valid-50/algebra_abpbcpcageq3_sumaonsqrtapbgeq3onsqrt2.json,algebra_abpbcpcageq3_sumaonsqrtapbgeq3onsqrt2.json
action has empty extracted_lean_code,missing_extracted_code,action_497,outputs/rollouts/gemini3flash/miniF2F-valid-50/algebra_abpbcpcageq3_sumaonsqrtapbgeq3onsqrt2.json,algebra_abpbcpcageq3_sumaonsqrtapbgeq3onsqrt2.json
action has empty extracted_lean_code,missing_extracted_code,action_498,outputs/rollouts/gemini3flash/miniF2F-valid-50/algebra_abpbcpcageq3_sumaonsqrtapbgeq3onsqrt2.json,algebra_abpbcpcageq3_sumaonsqrtapbgeq3onsqrt2.json
action has empty extracted_lean_code,missing_extracted_code,action_499,outputs/rollouts/gemini3flash/miniF2F-valid-50/algebra_abpbcpcageq3_sumaonsqrtapbgeq3onsqrt2.json,algebra_abpbcpcageq3_sumaonsqrtapbgeq3onsqrt2.json
action has empty extracted_lean_code,missing_extracted_code,action_500,outputs/rollouts/gemini3flash/miniF2F-valid-50/algebra_abpbcpcageq3_sumaonsqrtapbgeq3onsqrt2.json,algebra_abpbcpcageq3_sumaonsqrtapbgeq3onsqrt2.json
action has empty extracted_lean_code,missing_extracted_code,action_501,outputs/rollouts/gemini3flash/miniF2F-valid-50/algebra_abpbcpcageq3_sumaonsqrtapbgeq3onsqrt2.json,algebra_abpbcpcageq3_sumaonsqrtapbgeq3onsqrt2.json
action has empty extracted_lean_code,missing_extracted_code,action_502,outputs/rollouts/gemini3flash/miniF2F-valid-50/algebra_abpbcpcageq3_sumaonsqrtapbgeq3onsqrt2.json,algebra_abpbcpcageq3_sumaonsqrtapbgeq3onsqrt2.json
action has empty extracted_lean_code,missing_extracted_code,action_503,outputs/rollouts/gemini3flash/miniF2F-valid-50/algebra_abpbcpcageq3_sumaonsqrtapbgeq3onsqrt2.json,algebra_abpbcpcageq3_sumaonsqrtapbgeq3onsqrt2.json
FAILED action has r_env=1.0,failed_full_r_env,action_504,outputs/rollouts/gemini3flash/miniF2F-valid-50/algebra_abpbcpcageq3_sumaonsqrtapbgeq3onsqrt2.json,algebra_abpbcpcageq3_sumaonsqrtapbgeq3onsqrt2.json
length=2; goals=; edges=edge_placeholder ; edge_placeholder,cycle_detected,state_1 -> action_62,outputs/rollouts/gemini3flash/miniF2F-valid-50/algebra_abpbcpcageq3_sumaonsqrtapbgeq3onsqrt2.json,algebra_abpbcpcageq3_sumaonsqrtapbgeq3onsqrt2.json
length=2; goals=; edges=edge_placeholder ; edge_placeholder,cycle_detected,state_1 -> action_75,outputs/rollouts/gemini3flash/miniF2F-valid-50/algebra_abpbcpcageq3_sumaonsqrtapbgeq3onsqrt2.json,algebra_abpbcpcageq3_sumaonsqrtapbgeq3onsqrt2.json
length=2; goals=; edges=edge_placeholder ; edge_placeholder,cycle_detected,state_1 -> action_76,outputs/rollouts/gemini3flash/miniF2F-valid-50/algebra_abpbcpcageq3_sumaonsqrtapbgeq3onsqrt2.json,algebra_abpbcpcageq3_sumaonsqrtapbgeq3onsqrt2.json
length=2; goals=; edges=edge_placeholder ; edge_placeholder,cycle_detected,state_88 -> action_492,outputs/rollouts/gemini3flash/miniF2F-valid-50/algebra_abpbcpcageq3_sumaonsqrtapbgeq3onsqrt2.json,algebra_abpbcpcageq3_sumaonsqrtapbgeq3onsqrt2.json
FAILED action has r_env=1.0,failed_full_r_env,action_163,outputs/rollouts/gemini3flash/miniF2F-valid-50/algebra_absapbon1pabsapbleqsumabsaon1pabsa.json,algebra_absapbon1pabsapbleqsumabsaon1pabsa.json
action has empty extracted_lean_code,missing_extracted_code,action_342,outputs/rollouts/gemini3flash/miniF2F-valid-50/algebra_absapbon1pabsapbleqsumabsaon1pabsa.json,algebra_absapbon1pabsapbleqsumabsaon1pabsa.json
FAILED action has r_env=1.0,failed_full_r_env,action_178,outputs/rollouts/gemini3flash/miniF2F-valid-50/algebra_apbmpcneq0_aeq0anbeq0anceq0.json,algebra_apbmpcneq0_aeq0anbeq0anceq0.json
FAILED action has r_env=1.0,failed_full_r_env,action_180,outputs/rollouts/gemini3flash/miniF2F-valid-50/algebra_apbmpcneq0_aeq0anbeq0anceq0.json,algebra_apbmpcneq0_aeq0anbeq0anceq0.json
FAILED action has r_env=1.0,failed_full_r_env,action_184,outputs/rollouts/gemini3flash/miniF2F-valid-50/algebra_apbmpcneq0_aeq0anbeq0anceq0.json,algebra_apbmpcneq0_aeq0anbeq0anceq0.json
action has empty extracted_lean_code,missing_extracted_code,action_403,outputs/rollouts/gemini3flash/miniF2F-valid-50/algebra_apbmpcneq0_aeq0anbeq0anceq0.json,algebra_apbmpcneq0_aeq0anbeq0anceq0.json
action has empty extracted_lean_code,missing_extracted_code,action_12,outputs/rollouts/gemini3flash/miniF2F-valid-50/algebra_apbon2pownleqapownpbpowon2.json,algebra_apbon2pownleqapownpbpowon2.json
FAILED action has r_env=1.0,failed_full_r_env,action_73,outputs/rollouts/gemini3flash/miniF2F-valid-50/algebra_apbon2pownleqapownpbpowon2.json,algebra_apbon2pownleqapownpbpowon2.json
FAILED action has r_env=1.0,failed_full_r_env,action_74,outputs/rollouts/gemini3flash/miniF2F-valid-50/algebra_apbon2pownleqapownpbpowon2.json,algebra_apbon2pownleqapownpbpowon2.json
FAILED action has r_env=1.0,failed_full_r_env,action_75,outputs/rollouts/gemini3flash/miniF2F-valid-50/algebra_apbon2pownleqapownpbpowon2.json,algebra_apbon2pownleqapownpbpowon2.json
FAILED action has r_env=1.0,failed_full_r_env,action_76,outputs/rollouts/gemini3flash/miniF2F-valid-50/algebra_apbon2pownleqapownpbpowon2.json,algebra_apbon2pownleqapownpbpowon2.json
FAILED action has r_env=1.0,failed_full_r_env,action_77,outputs/rollouts/gemini3flash/miniF2F-valid-50/algebra_apbon2pownleqapownpbpowon2.json,algebra_apbon2pownleqapownpbpowon2.json
FAILED action has r_env=1.0,failed_full_r_env,action_78,outputs/rollouts/gemini3flash/miniF2F-valid-50/algebra_apbon2pownleqapownpbpowon2.json,algebra_apbon2pownleqapownpbpowon2.json
FAILED action has r_env=1.0,failed_full_r_env,action_79,outputs/rollouts/gemini3flash/miniF2F-valid-50/algebra_apbon2pownleqapownpbpowon2.json,algebra_apbon2pownleqapownpbpowon2.json
FAILED action has r_env=1.0,failed_full_r_env,action_80,outputs/rollouts/gemini3flash/miniF2F-valid-50/algebra_apbon2pownleqapownpbpowon2.json,algebra_apbon2pownleqapownpbpowon2.json
FAILED action has r_env=1.0,failed_full_r_env,action_81,outputs/rollouts/gemini3flash/miniF2F-valid-50/algebra_apbon2pownleqapownpbpowon2.json,algebra_apbon2pownleqapownpbpowon2.json
FAILED action has r_env=1.0,failed_full_r_env,action_82,outputs/rollouts/gemini3flash/miniF2F-valid-50/algebra_apbon2pownleqapownpbpowon2.json,algebra_apbon2pownleqapownpbpowon2.json
FAILED action has r_env=1.0,failed_full_r_env,action_83,outputs/rollouts/gemini3flash/miniF2F-valid-50/algebra_apbon2pownleqapownpbpowon2.json,algebra_apbon2pownleqapownpbpowon2.json
FAILED action has r_env=1.0,failed_full_r_env,action_84,outputs/rollouts/gemini3flash/miniF2F-valid-50/algebra_apbon2pownleqapownpbpowon2.json,algebra_apbon2pownleqapownpbpowon2.json
FAILED action has r_env=1.0,failed_full_r_env,action_244,outputs/rollouts/gemini3flash/miniF2F-valid-50/algebra_apbon2pownleqapownpbpowon2.json,algebra_apbon2pownleqapownpbpowon2.json
length=2; goals=; edges=edge_placeholder ; edge_placeholder,cycle_detected,state_4 -> action_66,outputs/rollouts/gemini3flash/miniF2F-valid-50/algebra_apbon2pownleqapownpbpowon2.json,algebra_apbon2pownleqapownpbpowon2.json
length=2; goals=; edges=edge_placeholder ; edge_placeholder,cycle_detected,state_4 -> action_70,outputs/rollouts/gemini3flash/miniF2F-valid-50/algebra_apbon2pownleqapownpbpowon2.json,algebra_apbon2pownleqapownpbpowon2.json
length=2; goals=; edges=edge_placeholder ; edge_placeholder,cycle_detected,state_56 -> action_491,outputs/rollouts/gemini3flash/miniF2F-valid-50/algebra_apbon2pownleqapownpbpowon2.json,algebra_apbon2pownleqapownpbpowon2.json
FAILED action has r_env=1.0,failed_full_r_env,action_25,outputs/rollouts/gemini3flash/miniF2F-valid-50/algebra_apbpceq2_abpbcpcaeq1_aleq1on3anbleq1ancleq4on3.json,algebra_apbpceq2_abpbcpcaeq1_aleq1on3anbleq1ancleq4on3.json
FAILED action has r_env=1.0,failed_full_r_env,action_26,outputs/rollouts/gemini3flash/miniF2F-valid-50/algebra_apbpceq2_abpbcpcaeq1_aleq1on3anbleq1ancleq4on3.json,algebra_apbpceq2_abpbcpcaeq1_aleq1on3anbleq1ancleq4on3.json
FAILED action has r_env=1.0,failed_full_r_env,action_27,outputs/rollouts/gemini3flash/miniF2F-valid-50/algebra_apbpceq2_abpbcpcaeq1_aleq1on3anbleq1ancleq4on3.json,algebra_apbpceq2_abpbcpcaeq1_aleq1on3anbleq1ancleq4on3.json
FAILED action has r_env=1.0,failed_full_r_env,action_28,outputs/rollouts/gemini3flash/miniF2F-valid-50/algebra_apbpceq2_abpbcpcaeq1_aleq1on3anbleq1ancleq4on3.json,algebra_apbpceq2_abpbcpcaeq1_aleq1on3anbleq1ancleq4on3.json
FAILED action has r_env=1.0,failed_full_r_env,action_29,outputs/rollouts/gemini3flash/miniF2F-valid-50/algebra_apbpceq2_abpbcpcaeq1_aleq1on3anbleq1ancleq4on3.json,algebra_apbpceq2_abpbcpcaeq1_aleq1on3anbleq1ancleq4on3.json
FAILED action has r_env=1.0,failed_full_r_env,action_30,outputs/rollouts/gemini3flash/miniF2F-valid-50/algebra_apbpceq2_abpbcpcaeq1_aleq1on3anbleq1ancleq4on3.json,algebra_apbpceq2_abpbcpcaeq1_aleq1on3anbleq1ancleq4on3.json
FAILED action has r_env=1.0,failed_full_r_env,action_31,outputs/rollouts/gemini3flash/miniF2F-valid-50/algebra_apbpceq2_abpbcpcaeq1_aleq1on3anbleq1ancleq4on3.json,algebra_apbpceq2_abpbcpcaeq1_aleq1on3anbleq1ancleq4on3.json
FAILED action has r_env=1.0,failed_full_r_env,action_32,outputs/rollouts/gemini3flash/miniF2F-valid-50/algebra_apbpceq2_abpbcpcaeq1_aleq1on3anbleq1ancleq4on3.json,algebra_apbpceq2_abpbcpcaeq1_aleq1on3anbleq1ancleq4on3.json
FAILED action has r_env=1.0,failed_full_r_env,action_35,outputs/rollouts/gemini3flash/miniF2F-valid-50/algebra_apbpceq2_abpbcpcaeq1_aleq1on3anbleq1ancleq4on3.json,algebra_apbpceq2_abpbcpcaeq1_aleq1on3anbleq1ancleq4on3.json
FAILED action has r_env=1.0,failed_full_r_env,action_36,outputs/rollouts/gemini3flash/miniF2F-valid-50/algebra_apbpceq2_abpbcpcaeq1_aleq1on3anbleq1ancleq4on3.json,algebra_apbpceq2_abpbcpcaeq1_aleq1on3anbleq1ancleq4on3.json
FAILED action has r_env=1.0,failed_full_r_env,action_109,outputs/rollouts/gemini3flash/miniF2F-valid-50/algebra_apbpceq2_abpbcpcaeq1_aleq1on3anbleq1ancleq4on3.json,algebra_apbpceq2_abpbcpcaeq1_aleq1on3anbleq1ancleq4on3.json
FAILED action has r_env=1.0,failed_full_r_env,action_111,outputs/rollouts/gemini3flash/miniF2F-valid-50/algebra_apbpceq2_abpbcpcaeq1_aleq1on3anbleq1ancleq4on3.json,algebra_apbpceq2_abpbcpcaeq1_aleq1on3anbleq1ancleq4on3.json
FAILED action has r_env=1.0,failed_full_r_env,action_112,outputs/rollouts/gemini3flash/miniF2F-valid-50/algebra_apbpceq2_abpbcpcaeq1_aleq1on3anbleq1ancleq4on3.json,algebra_apbpceq2_abpbcpcaeq1_aleq1on3anbleq1ancleq4on3.json
FAILED action has r_env=1.0,failed_full_r_env,action_116,outputs/rollouts/gemini3flash/miniF2F-valid-50/algebra_apbpceq2_abpbcpcaeq1_aleq1on3anbleq1ancleq4on3.json,algebra_apbpceq2_abpbcpcaeq1_aleq1on3anbleq1ancleq4on3.json
FAILED action has r_env=1.0,failed_full_r_env,action_117,outputs/rollouts/gemini3flash/miniF2F-valid-50/algebra_apbpceq2_abpbcpcaeq1_aleq1on3anbleq1ancleq4on3.json,algebra_apbpceq2_abpbcpcaeq1_aleq1on3anbleq1ancleq4on3.json
FAILED action has r_env=1.0,failed_full_r_env,action_120,outputs/rollouts/gemini3flash/miniF2F-valid-50/algebra_apbpceq2_abpbcpcaeq1_aleq1on3anbleq1ancleq4on3.json,algebra_apbpceq2_abpbcpcaeq1_aleq1on3anbleq1ancleq4on3.json
FAILED action has r_env=1.0,failed_full_r_env,action_122,outputs/rollouts/gemini3flash/miniF2F-valid-50/algebra_apbpceq2_abpbcpcaeq1_aleq1on3anbleq1ancleq4on3.json,algebra_apbpceq2_abpbcpcaeq1_aleq1on3anbleq1ancleq4on3.json
FAILED action has r_env=1.0,failed_full_r_env,action_123,outputs/rollouts/gemini3flash/miniF2F-valid-50/algebra_apbpceq2_abpbcpcaeq1_aleq1on3anbleq1ancleq4on3.json,algebra_apbpceq2_abpbcpcaeq1_aleq1on3anbleq1ancleq4on3.json
FAILED action has r_env=1.0,failed_full_r_env,action_124,outputs/rollouts/gemini3flash/miniF2F-valid-50/algebra_apbpceq2_abpbcpcaeq1_aleq1on3anbleq1ancleq4on3.json,algebra_apbpceq2_abpbcpcaeq1_aleq1on3anbleq1ancleq4on3.json
FAILED action has r_env=1.0,failed_full_r_env,action_125,outputs/rollouts/gemini3flash/miniF2F-valid-50/algebra_apbpceq2_abpbcpcaeq1_aleq1on3anbleq1ancleq4on3.json,algebra_apbpceq2_abpbcpcaeq1_aleq1on3anbleq1ancleq4on3.json
FAILED action has r_env=1.0,failed_full_r_env,action_126,outputs/rollouts/gemini3flash/miniF2F-valid-50/algebra_apbpceq2_abpbcpcaeq1_aleq1on3anbleq1ancleq4on3.json,algebra_apbpceq2_abpbcpcaeq1_aleq1on3anbleq1ancleq4on3.json
FAILED action has r_env=1.0,failed_full_r_env,action_127,outputs/rollouts/gemini3flash/miniF2F-valid-50/algebra_apbpceq2_abpbcpcaeq1_aleq1on3anbleq1ancleq4on3.json,algebra_apbpceq2_abpbcpcaeq1_aleq1on3anbleq1ancleq4on3.json
FAILED action has r_env=1.0,failed_full_r_env,action_128,outputs/rollouts/gemini3flash/miniF2F-valid-50/algebra_apbpceq2_abpbcpcaeq1_aleq1on3anbleq1ancleq4on3.json,algebra_apbpceq2_abpbcpcaeq1_aleq1on3anbleq1ancleq4on3.json
FAILED action has r_env=1.0,failed_full_r_env,action_129,outputs/rollouts/gemini3flash/miniF2F-valid-50/algebra_apbpceq2_abpbcpcaeq1_aleq1on3anbleq1ancleq4on3.json,algebra_apbpceq2_abpbcpcaeq1_aleq1on3anbleq1ancleq4on3.json
FAILED action has r_env=1.0,failed_full_r_env,action_130,outputs/rollouts/gemini3flash/miniF2F-valid-50/algebra_apbpceq2_abpbcpcaeq1_aleq1on3anbleq1ancleq4on3.json,algebra_apbpceq2_abpbcpcaeq1_aleq1on3anbleq1ancleq4on3.json
FAILED action has r_env=1.0,failed_full_r_env,action_131,outputs/rollouts/gemini3flash/miniF2F-valid-50/algebra_apbpceq2_abpbcpcaeq1_aleq1on3anbleq1ancleq4on3.json,algebra_apbpceq2_abpbcpcaeq1_aleq1on3anbleq1ancleq4on3.json
FAILED action has r_env=1.0,failed_full_r_env,action_132,outputs/rollouts/gemini3flash/miniF2F-valid-50/algebra_apbpceq2_abpbcpcaeq1_aleq1on3anbleq1ancleq4on3.json,algebra_apbpceq2_abpbcpcaeq1_aleq1on3anbleq1ancleq4on3.json
FAILED action has r_env=1.0,failed_full_r_env,action_133,outputs/rollouts/gemini3flash/miniF2F-valid-50/algebra_apbpceq2_abpbcpcaeq1_aleq1on3anbleq1ancleq4on3.json,algebra_apbpceq2_abpbcpcaeq1_aleq1on3anbleq1ancleq4on3.json
FAILED action has r_env=1.0,failed_full_r_env,action_150,outputs/rollouts/gemini3flash/miniF2F-valid-50/algebra_apbpceq2_abpbcpcaeq1_aleq1on3anbleq1ancleq4on3.json,algebra_apbpceq2_abpbcpcaeq1_aleq1on3anbleq1ancleq4on3.json
FAILED action has r_env=1.0,failed_full_r_env,action_151,outputs/rollouts/gemini3flash/miniF2F-valid-50/algebra_apbpceq2_abpbcpcaeq1_aleq1on3anbleq1ancleq4on3.json,algebra_apbpceq2_abpbcpcaeq1_aleq1on3anbleq1ancleq4on3.json
FAILED action has r_env=1.0,failed_full_r_env,action_152,outputs/rollouts/gemini3flash/miniF2F-valid-50/algebra_apbpceq2_abpbcpcaeq1_aleq1on3anbleq1ancleq4on3.json,algebra_apbpceq2_abpbcpcaeq1_aleq1on3anbleq1ancleq4on3.json
FAILED action has r_env=1.0,failed_full_r_env,action_153,outputs/rollouts/gemini3flash/miniF2F-valid-50/algebra_apbpceq2_abpbcpcaeq1_aleq1on3anbleq1ancleq4on3.json,algebra_apbpceq2_abpbcpcaeq1_aleq1on3anbleq1ancleq4on3.json
FAILED action has r_env=1.0,failed_full_r_env,action_154,outputs/rollouts/gemini3flash/miniF2F-valid-50/algebra_apbpceq2_abpbcpcaeq1_aleq1on3anbleq1ancleq4on3.json,algebra_apbpceq2_abpbcpcaeq1_aleq1on3anbleq1ancleq4on3.json
FAILED action has r_env=1.0,failed_full_r_env,action_155,outputs/rollouts/gemini3flash/miniF2F-valid-50/algebra_apbpceq2_abpbcpcaeq1_aleq1on3anbleq1ancleq4on3.json,algebra_apbpceq2_abpbcpcaeq1_aleq1on3anbleq1ancleq4on3.json
FAILED action has r_env=1.0,failed_full_r_env,action_156,outputs/rollouts/gemini3flash/miniF2F-valid-50/algebra_apbpceq2_abpbcpcaeq1_aleq1on3anbleq1ancleq4on3.json,algebra_apbpceq2_abpbcpcaeq1_aleq1on3anbleq1ancleq4on3.json
FAILED action has r_env=1.0,failed_full_r_env,action_157,outputs/rollouts/gemini3flash/miniF2F-valid-50/algebra_apbpceq2_abpbcpcaeq1_aleq1on3anbleq1ancleq4on3.json,algebra_apbpceq2_abpbcpcaeq1_aleq1on3anbleq1ancleq4on3.json
FAILED action has r_env=1.0,failed_full_r_env,action_158,outputs/rollouts/gemini3flash/miniF2F-valid-50/algebra_apbpceq2_abpbcpcaeq1_aleq1on3anbleq1ancleq4on3.json,algebra_apbpceq2_abpbcpcaeq1_aleq1on3anbleq1ancleq4on3.json
FAILED action has r_env=1.0,failed_full_r_env,action_159,outputs/rollouts/gemini3flash/miniF2F-valid-50/algebra_apbpceq2_abpbcpcaeq1_aleq1on3anbleq1ancleq4on3.json,algebra_apbpceq2_abpbcpcaeq1_aleq1on3anbleq1ancleq4on3.json
FAILED action has r_env=1.0,failed_full_r_env,action_160,outputs/rollouts/gemini3flash/miniF2F-valid-50/algebra_apbpceq2_abpbcpcaeq1_aleq1on3anbleq1ancleq4on3.json,algebra_apbpceq2_abpbcpcaeq1_aleq1on3anbleq1ancleq4on3.json
FAILED action has r_env=1.0,failed_full_r_env,action_161,outputs/rollouts/gemini3flash/miniF2F-valid-50/algebra_apbpceq2_abpbcpcaeq1_aleq1on3anbleq1ancleq4on3.json,algebra_apbpceq2_abpbcpcaeq1_aleq1on3anbleq1ancleq4on3.json
FAILED action has r_env=1.0,failed_full_r_env,action_175,outputs/rollouts/gemini3flash/miniF2F-valid-50/algebra_apbpceq2_abpbcpcaeq1_aleq1on3anbleq1ancleq4on3.json,algebra_apbpceq2_abpbcpcaeq1_aleq1on3anbleq1ancleq4on3.json
FAILED action has r_env=1.0,failed_full_r_env,action_176,outputs/rollouts/gemini3flash/miniF2F-valid-50/algebra_apbpceq2_abpbcpcaeq1_aleq1on3anbleq1ancleq4on3.json,algebra_apbpceq2_abpbcpcaeq1_aleq1on3anbleq1ancleq4on3.json
FAILED action has r_env=1.0,failed_full_r_env,action_177,outputs/rollouts/gemini3flash/miniF2F-valid-50/algebra_apbpceq2_abpbcpcaeq1_aleq1on3anbleq1ancleq4on3.json,algebra_apbpceq2_abpbcpcaeq1_aleq1on3anbleq1ancleq4on3.json
FAILED action has r_env=1.0,failed_full_r_env,action_178,outputs/rollouts/gemini3flash/miniF2F-valid-50/algebra_apbpceq2_abpbcpcaeq1_aleq1on3anbleq1ancleq4on3.json,algebra_apbpceq2_abpbcpcaeq1_aleq1on3anbleq1ancleq4on3.json
FAILED action has r_env=1.0,failed_full_r_env,action_179,outputs/rollouts/gemini3flash/miniF2F-valid-50/algebra_apbpceq2_abpbcpcaeq1_aleq1on3anbleq1ancleq4on3.json,algebra_apbpceq2_abpbcpcaeq1_aleq1on3anbleq1ancleq4on3.json
FAILED action has r_env=1.0,failed_full_r_env,action_180,outputs/rollouts/gemini3flash/miniF2F-valid-50/algebra_apbpceq2_abpbcpcaeq1_aleq1on3anbleq1ancleq4on3.json,algebra_apbpceq2_abpbcpcaeq1_aleq1on3anbleq1ancleq4on3.json
FAILED action has r_env=1.0,failed_full_r_env,action_181,outputs/rollouts/gemini3flash/miniF2F-valid-50/algebra_apbpceq2_abpbcpcaeq1_aleq1on3anbleq1ancleq4on3.json,algebra_apbpceq2_abpbcpcaeq1_aleq1on3anbleq1ancleq4on3.json
FAILED action has r_env=1.0,failed_full_r_env,action_182,outputs/rollouts/gemini3flash/miniF2F-valid-50/algebra_apbpceq2_abpbcpcaeq1_aleq1on3anbleq1ancleq4on3.json,algebra_apbpceq2_abpbcpcaeq1_aleq1on3anbleq1ancleq4on3.json
FAILED action has r_env=1.0,failed_full_r_env,action_183,outputs/rollouts/gemini3flash/miniF2F-valid-50/algebra_apbpceq2_abpbcpcaeq1_aleq1on3anbleq1ancleq4on3.json,algebra_apbpceq2_abpbcpcaeq1_aleq1on3anbleq1ancleq4on3.json
FAILED action has r_env=1.0,failed_full_r_env,action_184,outputs/rollouts/gemini3flash/miniF2F-valid-50/algebra_apbpceq2_abpbcpcaeq1_aleq1on3anbleq1ancleq4on3.json,algebra_apbpceq2_abpbcpcaeq1_aleq1on3anbleq1ancleq4on3.json
FAILED action has r_env=1.0,failed_full_r_env,action_185,outputs/rollouts/gemini3flash/miniF2F-valid-50/algebra_apbpceq2_abpbcpcaeq1_aleq1on3anbleq1ancleq4on3.json,algebra_apbpceq2_abpbcpcaeq1_aleq1on3anbleq1ancleq4on3.json
FAILED action has r_env=1.0,failed_full_r_env,action_186,outputs/rollouts/gemini3flash/miniF2F-valid-50/algebra_apbpceq2_abpbcpcaeq1_aleq1on3anbleq1ancleq4on3.json,algebra_apbpceq2_abpbcpcaeq1_aleq1on3anbleq1ancleq4on3.json
FAILED action has r_env=1.0,failed_full_r_env,action_337,outputs/rollouts/gemini3flash/miniF2F-valid-50/algebra_apbpceq2_abpbcpcaeq1_aleq1on3anbleq1ancleq4on3.json,algebra_apbpceq2_abpbcpcaeq1_aleq1on3anbleq1ancleq4on3.json
FAILED action has r_env=1.0,failed_full_r_env,action_340,outputs/rollouts/gemini3flash/miniF2F-valid-50/algebra_apbpceq2_abpbcpcaeq1_aleq1on3anbleq1ancleq4on3.json,algebra_apbpceq2_abpbcpcaeq1_aleq1on3anbleq1ancleq4on3.json
action has empty extracted_lean_code,missing_extracted_code,action_361,outputs/rollouts/gemini3flash/miniF2F-valid-50/algebra_apbpceq2_abpbcpcaeq1_aleq1on3anbleq1ancleq4on3.json,algebra_apbpceq2_abpbcpcaeq1_aleq1on3anbleq1ancleq4on3.json
action has empty extracted_lean_code,missing_extracted_code,action_362,outputs/rollouts/gemini3flash/miniF2F-valid-50/algebra_apbpceq2_abpbcpcaeq1_aleq1on3anbleq1ancleq4on3.json,algebra_apbpceq2_abpbcpcaeq1_aleq1on3anbleq1ancleq4on3.json
action has empty extracted_lean_code,missing_extracted_code,action_363,outputs/rollouts/gemini3flash/miniF2F-valid-50/algebra_apbpceq2_abpbcpcaeq1_aleq1on3anbleq1ancleq4on3.json,algebra_apbpceq2_abpbcpcaeq1_aleq1on3anbleq1ancleq4on3.json
action has empty extracted_lean_code,missing_extracted_code,action_364,outputs/rollouts/gemini3flash/miniF2F-valid-50/algebra_apbpceq2_abpbcpcaeq1_aleq1on3anbleq1ancleq4on3.json,algebra_apbpceq2_abpbcpcaeq1_aleq1on3anbleq1ancleq4on3.json
action has empty extracted_lean_code,missing_extracted_code,action_365,outputs/rollouts/gemini3flash/miniF2F-valid-50/algebra_apbpceq2_abpbcpcaeq1_aleq1on3anbleq1ancleq4on3.json,algebra_apbpceq2_abpbcpcaeq1_aleq1on3anbleq1ancleq4on3.json
action has empty extracted_lean_code,missing_extracted_code,action_366,outputs/rollouts/gemini3flash/miniF2F-valid-50/algebra_apbpceq2_abpbcpcaeq1_aleq1on3anbleq1ancleq4on3.json,algebra_apbpceq2_abpbcpcaeq1_aleq1on3anbleq1ancleq4on3.json
action has empty extracted_lean_code,missing_extracted_code,action_367,outputs/rollouts/gemini3flash/miniF2F-valid-50/algebra_apbpceq2_abpbcpcaeq1_aleq1on3anbleq1ancleq4on3.json,algebra_apbpceq2_abpbcpcaeq1_aleq1on3anbleq1ancleq4on3.json
action has empty extracted_lean_code,missing_extracted_code,action_368,outputs/rollouts/gemini3flash/miniF2F-valid-50/algebra_apbpceq2_abpbcpcaeq1_aleq1on3anbleq1ancleq4on3.json,algebra_apbpceq2_abpbcpcaeq1_aleq1on3anbleq1ancleq4on3.json
FAILED action has r_env=1.0,failed_full_r_env,action_400,outputs/rollouts/gemini3flash/miniF2F-valid-50/algebra_apbpceq2_abpbcpcaeq1_aleq1on3anbleq1ancleq4on3.json,algebra_apbpceq2_abpbcpcaeq1_aleq1on3anbleq1ancleq4on3.json
action has empty extracted_lean_code,missing_extracted_code,action_417,outputs/rollouts/gemini3flash/miniF2F-valid-50/algebra_apbpceq2_abpbcpcaeq1_aleq1on3anbleq1ancleq4on3.json,algebra_apbpceq2_abpbcpcaeq1_aleq1on3anbleq1ancleq4on3.json
FAILED action has r_env=1.0,failed_full_r_env,action_427,outputs/rollouts/gemini3flash/miniF2F-valid-50/algebra_apbpceq2_abpbcpcaeq1_aleq1on3anbleq1ancleq4on3.json,algebra_apbpceq2_abpbcpcaeq1_aleq1on3anbleq1ancleq4on3.json
FAILED action has r_env=1.0,failed_full_r_env,action_474,outputs/rollouts/gemini3flash/miniF2F-valid-50/algebra_apbpceq2_abpbcpcaeq1_aleq1on3anbleq1ancleq4on3.json,algebra_apbpceq2_abpbcpcaeq1_aleq1on3anbleq1ancleq4on3.json
length=2; goals=; edges=edge_placeholder ; edge_placeholder,cycle_detected,state_2 -> action_38,outputs/rollouts/gemini3flash/miniF2F-valid-50/algebra_apbpceq2_abpbcpcaeq1_aleq1on3anbleq1ancleq4on3.json,algebra_apbpceq2_abpbcpcaeq1_aleq1on3anbleq1ancleq4on3.json
length=2; goals=; edges=edge_placeholder ; edge_placeholder,cycle_detected,state_2 -> action_106,outputs/rollouts/gemini3flash/miniF2F-valid-50/algebra_apbpceq2_abpbcpcaeq1_aleq1on3anbleq1ancleq4on3.json,algebra_apbpceq2_abpbcpcaeq1_aleq1on3anbleq1ancleq4on3.json
length=2; goals=; edges=edge_placeholder ; edge_placeholder,cycle_detected,state_2 -> action_108,outputs/rollouts/gemini3flash/miniF2F-valid-50/algebra_apbpceq2_abpbcpcaeq1_aleq1on3anbleq1ancleq4on3.json,algebra_apbpceq2_abpbcpcaeq1_aleq1on3anbleq1ancleq4on3.json
FAILED action has r_env=1.0,failed_full_r_env,action_85,outputs/rollouts/gemini3flash/miniF2F-valid-50/algebra_bleqa_apbon2msqrtableqambsqon8b.json,algebra_bleqa_apbon2msqrtableqambsqon8b.json
FAILED action has r_env=1.0,failed_full_r_env,action_89,outputs/rollouts/gemini3flash/miniF2F-valid-50/algebra_bleqa_apbon2msqrtableqambsqon8b.json,algebra_bleqa_apbon2msqrtableqambsqon8b.json
FAILED action has r_env=1.0,failed_full_r_env,action_107,outputs/rollouts/gemini3flash/miniF2F-valid-50/algebra_bleqa_apbon2msqrtableqambsqon8b.json,algebra_bleqa_apbon2msqrtableqambsqon8b.json
FAILED action has r_env=1.0,failed_full_r_env,action_138,outputs/rollouts/gemini3flash/miniF2F-valid-50/algebra_bleqa_apbon2msqrtableqambsqon8b.json,algebra_bleqa_apbon2msqrtableqambsqon8b.json
FAILED action has r_env=1.0,failed_full_r_env,action_157,outputs/rollouts/gemini3flash/miniF2F-valid-50/algebra_bleqa_apbon2msqrtableqambsqon8b.json,algebra_bleqa_apbon2msqrtableqambsqon8b.json
FAILED action has r_env=1.0,failed_full_r_env,action_197,outputs/rollouts/gemini3flash/miniF2F-valid-50/algebra_bleqa_apbon2msqrtableqambsqon8b.json,algebra_bleqa_apbon2msqrtableqambsqon8b.json
FAILED action has r_env=1.0,failed_full_r_env,action_201,outputs/rollouts/gemini3flash/miniF2F-valid-50/algebra_bleqa_apbon2msqrtableqambsqon8b.json,algebra_bleqa_apbon2msqrtableqambsqon8b.json
FAILED action has r_env=1.0,failed_full_r_env,action_216,outputs/rollouts/gemini3flash/miniF2F-valid-50/algebra_bleqa_apbon2msqrtableqambsqon8b.json,algebra_bleqa_apbon2msqrtableqambsqon8b.json
FAILED action has r_env=1.0,failed_full_r_env,action_374,outputs/rollouts/gemini3flash/miniF2F-valid-50/algebra_bleqa_apbon2msqrtableqambsqon8b.json,algebra_bleqa_apbon2msqrtableqambsqon8b.json
FAILED action has r_env=1.0,failed_full_r_env,action_375,outputs/rollouts/gemini3flash/miniF2F-valid-50/algebra_bleqa_apbon2msqrtableqambsqon8b.json,algebra_bleqa_apbon2msqrtableqambsqon8b.json
FAILED action has r_env=1.0,failed_full_r_env,action_376,outputs/rollouts/gemini3flash/miniF2F-valid-50/algebra_bleqa_apbon2msqrtableqambsqon8b.json,algebra_bleqa_apbon2msqrtableqambsqon8b.json
FAILED action has r_env=1.0,failed_full_r_env,action_377,outputs/rollouts/gemini3flash/miniF2F-valid-50/algebra_bleqa_apbon2msqrtableqambsqon8b.json,algebra_bleqa_apbon2msqrtableqambsqon8b.json
FAILED action has r_env=1.0,failed_full_r_env,action_378,outputs/rollouts/gemini3flash/miniF2F-valid-50/algebra_bleqa_apbon2msqrtableqambsqon8b.json,algebra_bleqa_apbon2msqrtableqambsqon8b.json
FAILED action has r_env=1.0,failed_full_r_env,action_379,outputs/rollouts/gemini3flash/miniF2F-valid-50/algebra_bleqa_apbon2msqrtableqambsqon8b.json,algebra_bleqa_apbon2msqrtableqambsqon8b.json
FAILED action has r_env=1.0,failed_full_r_env,action_380,outputs/rollouts/gemini3flash/miniF2F-valid-50/algebra_bleqa_apbon2msqrtableqambsqon8b.json,algebra_bleqa_apbon2msqrtableqambsqon8b.json
FAILED action has r_env=1.0,failed_full_r_env,action_381,outputs/rollouts/gemini3flash/miniF2F-valid-50/algebra_bleqa_apbon2msqrtableqambsqon8b.json,algebra_bleqa_apbon2msqrtableqambsqon8b.json
FAILED action has r_env=1.0,failed_full_r_env,action_382,outputs/rollouts/gemini3flash/miniF2F-valid-50/algebra_bleqa_apbon2msqrtableqambsqon8b.json,algebra_bleqa_apbon2msqrtableqambsqon8b.json
FAILED action has r_env=1.0,failed_full_r_env,action_383,outputs/rollouts/gemini3flash/miniF2F-valid-50/algebra_bleqa_apbon2msqrtableqambsqon8b.json,algebra_bleqa_apbon2msqrtableqambsqon8b.json
FAILED action has r_env=1.0,failed_full_r_env,action_384,outputs/rollouts/gemini3flash/miniF2F-valid-50/algebra_bleqa_apbon2msqrtableqambsqon8b.json,algebra_bleqa_apbon2msqrtableqambsqon8b.json
FAILED action has r_env=1.0,failed_full_r_env,action_385,outputs/rollouts/gemini3flash/miniF2F-valid-50/algebra_bleqa_apbon2msqrtableqambsqon8b.json,algebra_bleqa_apbon2msqrtableqambsqon8b.json
action has empty extracted_lean_code,missing_extracted_code,action_418,outputs/rollouts/gemini3flash/miniF2F-valid-50/algebra_bleqa_apbon2msqrtableqambsqon8b.json,algebra_bleqa_apbon2msqrtableqambsqon8b.json
FAILED action has r_env=1.0,failed_full_r_env,action_423,outputs/rollouts/gemini3flash/miniF2F-valid-50/algebra_bleqa_apbon2msqrtableqambsqon8b.json,algebra_bleqa_apbon2msqrtableqambsqon8b.json
FAILED action has r_env=1.0,failed_full_r_env,action_424,outputs/rollouts/gemini3flash/miniF2F-valid-50/algebra_bleqa_apbon2msqrtableqambsqon8b.json,algebra_bleqa_apbon2msqrtableqambsqon8b.json
FAILED action has r_env=1.0,failed_full_r_env,action_425,outputs/rollouts/gemini3flash/miniF2F-valid-50/algebra_bleqa_apbon2msqrtableqambsqon8b.json,algebra_bleqa_apbon2msqrtableqambsqon8b.json
FAILED action has r_env=1.0,failed_full_r_env,action_429,outputs/rollouts/gemini3flash/miniF2F-valid-50/algebra_bleqa_apbon2msqrtableqambsqon8b.json,algebra_bleqa_apbon2msqrtableqambsqon8b.json
FAILED action has r_env=1.0,failed_full_r_env,action_470,outputs/rollouts/gemini3flash/miniF2F-valid-50/algebra_bleqa_apbon2msqrtableqambsqon8b.json,algebra_bleqa_apbon2msqrtableqambsqon8b.json
FAILED action has r_env=1.0,failed_full_r_env,action_473,outputs/rollouts/gemini3flash/miniF2F-valid-50/algebra_bleqa_apbon2msqrtableqambsqon8b.json,algebra_bleqa_apbon2msqrtableqambsqon8b.json
FAILED action has r_env=1.0,failed_full_r_env,action_507,outputs/rollouts/gemini3flash/miniF2F-valid-50/algebra_bleqa_apbon2msqrtableqambsqon8b.json,algebra_bleqa_apbon2msqrtableqambsqon8b.json
FAILED action has r_env=1.0,failed_full_r_env,action_66,outputs/rollouts/gemini3flash/miniF2F-valid-50/algebra_cubrtrp1oncubrtreq3_rcubp1onrcubeq5778.json,algebra_cubrtrp1oncubrtreq3_rcubp1onrcubeq5778.json
FAILED action has r_env=1.0,failed_full_r_env,action_71,outputs/rollouts/gemini3flash/miniF2F-valid-50/algebra_cubrtrp1oncubrtreq3_rcubp1onrcubeq5778.json,algebra_cubrtrp1oncubrtreq3_rcubp1onrcubeq5778.json
FAILED action has r_env=1.0,failed_full_r_env,action_256,outputs/rollouts/gemini3flash/miniF2F-valid-50/algebra_cubrtrp1oncubrtreq3_rcubp1onrcubeq5778.json,algebra_cubrtrp1oncubrtreq3_rcubp1onrcubeq5778.json
FAILED action has r_env=1.0,failed_full_r_env,action_258,outputs/rollouts/gemini3flash/miniF2F-valid-50/algebra_cubrtrp1oncubrtreq3_rcubp1onrcubeq5778.json,algebra_cubrtrp1oncubrtreq3_rcubp1onrcubeq5778.json
FAILED action has r_env=1.0,failed_full_r_env,action_289,outputs/rollouts/gemini3flash/miniF2F-valid-50/algebra_cubrtrp1oncubrtreq3_rcubp1onrcubeq5778.json,algebra_cubrtrp1oncubrtreq3_rcubp1onrcubeq5778.json
FAILED action has r_env=1.0,failed_full_r_env,action_322,outputs/rollouts/gemini3flash/miniF2F-valid-50/algebra_cubrtrp1oncubrtreq3_rcubp1onrcubeq5778.json,algebra_cubrtrp1oncubrtreq3_rcubp1onrcubeq5778.json
FAILED action has r_env=1.0,failed_full_r_env,action_325,outputs/rollouts/gemini3flash/miniF2F-valid-50/algebra_cubrtrp1oncubrtreq3_rcubp1onrcubeq5778.json,algebra_cubrtrp1oncubrtreq3_rcubp1onrcubeq5778.json
FAILED action has r_env=1.0,failed_full_r_env,action_369,outputs/rollouts/gemini3flash/miniF2F-valid-50/algebra_cubrtrp1oncubrtreq3_rcubp1onrcubeq5778.json,algebra_cubrtrp1oncubrtreq3_rcubp1onrcubeq5778.json
FAILED action has r_env=1.0,failed_full_r_env,action_450,outputs/rollouts/gemini3flash/miniF2F-valid-50/algebra_cubrtrp1oncubrtreq3_rcubp1onrcubeq5778.json,algebra_cubrtrp1oncubrtreq3_rcubp1onrcubeq5778.json
FAILED action has r_env=1.0,failed_full_r_env,action_464,outputs/rollouts/gemini3flash/miniF2F-valid-50/algebra_cubrtrp1oncubrtreq3_rcubp1onrcubeq5778.json,algebra_cubrtrp1oncubrtreq3_rcubp1onrcubeq5778.json
FAILED action has r_env=1.0,failed_full_r_env,action_467,outputs/rollouts/gemini3flash/miniF2F-valid-50/algebra_cubrtrp1oncubrtreq3_rcubp1onrcubeq5778.json,algebra_cubrtrp1oncubrtreq3_rcubp1onrcubeq5778.json
FAILED action has r_env=1.0,failed_full_r_env,action_486,outputs/rollouts/gemini3flash/miniF2F-valid-50/algebra_cubrtrp1oncubrtreq3_rcubp1onrcubeq5778.json,algebra_cubrtrp1oncubrtreq3_rcubp1onrcubeq5778.json
FAILED action has r_env=1.0,failed_full_r_env,action_493,outputs/rollouts/gemini3flash/miniF2F-valid-50/algebra_cubrtrp1oncubrtreq3_rcubp1onrcubeq5778.json,algebra_cubrtrp1oncubrtreq3_rcubp1onrcubeq5778.json
FAILED action has r_env=1.0,failed_full_r_env,action_499,outputs/rollouts/gemini3flash/miniF2F-valid-50/algebra_cubrtrp1oncubrtreq3_rcubp1onrcubeq5778.json,algebra_cubrtrp1oncubrtreq3_rcubp1onrcubeq5778.json
FAILED action has r_env=1.0,failed_full_r_env,action_500,outputs/rollouts/gemini3flash/miniF2F-valid-50/algebra_cubrtrp1oncubrtreq3_rcubp1onrcubeq5778.json,algebra_cubrtrp1oncubrtreq3_rcubp1onrcubeq5778.json
action has empty extracted_lean_code,missing_extracted_code,action_503,outputs/rollouts/gemini3flash/miniF2F-valid-50/algebra_cubrtrp1oncubrtreq3_rcubp1onrcubeq5778.json,algebra_cubrtrp1oncubrtreq3_rcubp1onrcubeq5778.json
action has empty extracted_lean_code,missing_extracted_code,action_0,outputs/rollouts/gemini3flash/miniF2F-valid-50/algebra_ineq_nto1onlt2m1on.json,algebra_ineq_nto1onlt2m1on.json
action has empty extracted_lean_code,missing_extracted_code,action_1,outputs/rollouts/gemini3flash/miniF2F-valid-50/algebra_ineq_nto1onlt2m1on.json,algebra_ineq_nto1onlt2m1on.json
action has empty extracted_lean_code,missing_extracted_code,action_2,outputs/rollouts/gemini3flash/miniF2F-valid-50/algebra_ineq_nto1onlt2m1on.json,algebra_ineq_nto1onlt2m1on.json
action has empty extracted_lean_code,missing_extracted_code,action_3,outputs/rollouts/gemini3flash/miniF2F-valid-50/algebra_ineq_nto1onlt2m1on.json,algebra_ineq_nto1onlt2m1on.json
action has empty extracted_lean_code,missing_extracted_code,action_4,outputs/rollouts/gemini3flash/miniF2F-valid-50/algebra_ineq_nto1onlt2m1on.json,algebra_ineq_nto1onlt2m1on.json
action has empty extracted_lean_code,missing_extracted_code,action_5,outputs/rollouts/gemini3flash/miniF2F-valid-50/algebra_ineq_nto1onlt2m1on.json,algebra_ineq_nto1onlt2m1on.json
action has empty extracted_lean_code,missing_extracted_code,action_6,outputs/rollouts/gemini3flash/miniF2F-valid-50/algebra_ineq_nto1onlt2m1on.json,algebra_ineq_nto1onlt2m1on.json
action has empty extracted_lean_code,missing_extracted_code,action_7,outputs/rollouts/gemini3flash/miniF2F-valid-50/algebra_ineq_nto1onlt2m1on.json,algebra_ineq_nto1onlt2m1on.json
action has empty extracted_lean_code,missing_extracted_code,action_8,outputs/rollouts/gemini3flash/miniF2F-valid-50/algebra_ineq_nto1onlt2m1on.json,algebra_ineq_nto1onlt2m1on.json
action has empty extracted_lean_code,missing_extracted_code,action_9,outputs/rollouts/gemini3flash/miniF2F-valid-50/algebra_ineq_nto1onlt2m1on.json,algebra_ineq_nto1onlt2m1on.json
action has empty extracted_lean_code,missing_extracted_code,action_10,outputs/rollouts/gemini3flash/miniF2F-valid-50/algebra_ineq_nto1onlt2m1on.json,algebra_ineq_nto1onlt2m1on.json
action has empty extracted_lean_code,missing_extracted_code,action_11,outputs/rollouts/gemini3flash/miniF2F-valid-50/algebra_ineq_nto1onlt2m1on.json,algebra_ineq_nto1onlt2m1on.json
action has empty extracted_lean_code,missing_extracted_code,action_13,outputs/rollouts/gemini3flash/miniF2F-valid-50/algebra_ineq_nto1onlt2m1on.json,algebra_ineq_nto1onlt2m1on.json
action has empty extracted_lean_code,missing_extracted_code,action_14,outputs/rollouts/gemini3flash/miniF2F-valid-50/algebra_ineq_nto1onlt2m1on.json,algebra_ineq_nto1onlt2m1on.json
action has empty extracted_lean_code,missing_extracted_code,action_15,outputs/rollouts/gemini3flash/miniF2F-valid-50/algebra_ineq_nto1onlt2m1on.json,algebra_ineq_nto1onlt2m1on.json
action has empty extracted_lean_code,missing_extracted_code,action_16,outputs/rollouts/gemini3flash/miniF2F-valid-50/algebra_ineq_nto1onlt2m1on.json,algebra_ineq_nto1onlt2m1on.json
action has empty extracted_lean_code,missing_extracted_code,action_17,outputs/rollouts/gemini3flash/miniF2F-valid-50/algebra_ineq_nto1onlt2m1on.json,algebra_ineq_nto1onlt2m1on.json
action has empty extracted_lean_code,missing_extracted_code,action_18,outputs/rollouts/gemini3flash/miniF2F-valid-50/algebra_ineq_nto1onlt2m1on.json,algebra_ineq_nto1onlt2m1on.json
action has empty extracted_lean_code,missing_extracted_code,action_19,outputs/rollouts/gemini3flash/miniF2F-valid-50/algebra_ineq_nto1onlt2m1on.json,algebra_ineq_nto1onlt2m1on.json
action has empty extracted_lean_code,missing_extracted_code,action_20,outputs/rollouts/gemini3flash/miniF2F-valid-50/algebra_ineq_nto1onlt2m1on.json,algebra_ineq_nto1onlt2m1on.json
action has empty extracted_lean_code,missing_extracted_code,action_21,outputs/rollouts/gemini3flash/miniF2F-valid-50/algebra_ineq_nto1onlt2m1on.json,algebra_ineq_nto1onlt2m1on.json
action has empty extracted_lean_code,missing_extracted_code,action_22,outputs/rollouts/gemini3flash/miniF2F-valid-50/algebra_ineq_nto1onlt2m1on.json,algebra_ineq_nto1onlt2m1on.json
action has empty extracted_lean_code,missing_extracted_code,action_23,outputs/rollouts/gemini3flash/miniF2F-valid-50/algebra_ineq_nto1onlt2m1on.json,algebra_ineq_nto1onlt2m1on.json
action has empty extracted_lean_code,missing_extracted_code,action_24,outputs/rollouts/gemini3flash/miniF2F-valid-50/algebra_ineq_nto1onlt2m1on.json,algebra_ineq_nto1onlt2m1on.json
action has empty extracted_lean_code,missing_extracted_code,action_50,outputs/rollouts/gemini3flash/miniF2F-valid-50/algebra_ineq_nto1onlt2m1on.json,algebra_ineq_nto1onlt2m1on.json
action has empty extracted_lean_code,missing_extracted_code,action_51,outputs/rollouts/gemini3flash/miniF2F-valid-50/algebra_ineq_nto1onlt2m1on.json,algebra_ineq_nto1onlt2m1on.json
action has empty extracted_lean_code,missing_extracted_code,action_52,outputs/rollouts/gemini3flash/miniF2F-valid-50/algebra_ineq_nto1onlt2m1on.json,algebra_ineq_nto1onlt2m1on.json
action has empty extracted_lean_code,missing_extracted_code,action_53,outputs/rollouts/gemini3flash/miniF2F-valid-50/algebra_ineq_nto1onlt2m1on.json,algebra_ineq_nto1onlt2m1on.json
action has empty extracted_lean_code,missing_extracted_code,action_54,outputs/rollouts/gemini3flash/miniF2F-valid-50/algebra_ineq_nto1onlt2m1on.json,algebra_ineq_nto1onlt2m1on.json
action has empty extracted_lean_code,missing_extracted_code,action_55,outputs/rollouts/gemini3flash/miniF2F-valid-50/algebra_ineq_nto1onlt2m1on.json,algebra_ineq_nto1onlt2m1on.json
action has empty extracted_lean_code,missing_extracted_code,action_56,outputs/rollouts/gemini3flash/miniF2F-valid-50/algebra_ineq_nto1onlt2m1on.json,algebra_ineq_nto1onlt2m1on.json
action has empty extracted_lean_code,missing_extracted_code,action_57,outputs/rollouts/gemini3flash/miniF2F-valid-50/algebra_ineq_nto1onlt2m1on.json,algebra_ineq_nto1onlt2m1on.json
action has empty extracted_lean_code,missing_extracted_code,action_58,outputs/rollouts/gemini3flash/miniF2F-valid-50/algebra_ineq_nto1onlt2m1on.json,algebra_ineq_nto1onlt2m1on.json
action has empty extracted_lean_code,missing_extracted_code,action_59,outputs/rollouts/gemini3flash/miniF2F-valid-50/algebra_ineq_nto1onlt2m1on.json,algebra_ineq_nto1onlt2m1on.json
action has empty extracted_lean_code,missing_extracted_code,action_60,outputs/rollouts/gemini3flash/miniF2F-valid-50/algebra_ineq_nto1onlt2m1on.json,algebra_ineq_nto1onlt2m1on.json
action has empty extracted_lean_code,missing_extracted_code,action_61,outputs/rollouts/gemini3flash/miniF2F-valid-50/algebra_ineq_nto1onlt2m1on.json,algebra_ineq_nto1onlt2m1on.json
action has empty extracted_lean_code,missing_extracted_code,action_91,outputs/rollouts/gemini3flash/miniF2F-valid-50/algebra_ineq_nto1onlt2m1on.json,algebra_ineq_nto1onlt2m1on.json
action has empty extracted_lean_code,missing_extracted_code,action_92,outputs/rollouts/gemini3flash/miniF2F-valid-50/algebra_ineq_nto1onlt2m1on.json,algebra_ineq_nto1onlt2m1on.json
action has empty extracted_lean_code,missing_extracted_code,action_93,outputs/rollouts/gemini3flash/miniF2F-valid-50/algebra_ineq_nto1onlt2m1on.json,algebra_ineq_nto1onlt2m1on.json
action has empty extracted_lean_code,missing_extracted_code,action_94,outputs/rollouts/gemini3flash/miniF2F-valid-50/algebra_ineq_nto1onlt2m1on.json,algebra_ineq_nto1onlt2m1on.json
action has empty extracted_lean_code,missing_extracted_code,action_95,outputs/rollouts/gemini3flash/miniF2F-valid-50/algebra_ineq_nto1onlt2m1on.json,algebra_ineq_nto1onlt2m1on.json
action has empty extracted_lean_code,missing_extracted_code,action_96,outputs/rollouts/gemini3flash/miniF2F-valid-50/algebra_ineq_nto1onlt2m1on.json,algebra_ineq_nto1onlt2m1on.json
action has empty extracted_lean_code,missing_extracted_code,action_97,outputs/rollouts/gemini3flash/miniF2F-valid-50/algebra_ineq_nto1onlt2m1on.json,algebra_ineq_nto1onlt2m1on.json
action has empty extracted_lean_code,missing_extracted_code,action_98,outputs/rollouts/gemini3flash/miniF2F-valid-50/algebra_ineq_nto1onlt2m1on.json,algebra_ineq_nto1onlt2m1on.json
action has empty extracted_lean_code,missing_extracted_code,action_99,outputs/rollouts/gemini3flash/miniF2F-valid-50/algebra_ineq_nto1onlt2m1on.json,algebra_ineq_nto1onlt2m1on.json
action has empty extracted_lean_code,missing_extracted_code,action_100,outputs/rollouts/gemini3flash/miniF2F-valid-50/algebra_ineq_nto1onlt2m1on.json,algebra_ineq_nto1onlt2m1on.json
action has empty extracted_lean_code,missing_extracted_code,action_101,outputs/rollouts/gemini3flash/miniF2F-valid-50/algebra_ineq_nto1onlt2m1on.json,algebra_ineq_nto1onlt2m1on.json
action has empty extracted_lean_code,missing_extracted_code,action_102,outputs/rollouts/gemini3flash/miniF2F-valid-50/algebra_ineq_nto1onlt2m1on.json,algebra_ineq_nto1onlt2m1on.json
action has empty extracted_lean_code,missing_extracted_code,action_132,outputs/rollouts/gemini3flash/miniF2F-valid-50/algebra_ineq_nto1onlt2m1on.json,algebra_ineq_nto1onlt2m1on.json
action has empty extracted_lean_code,missing_extracted_code,action_133,outputs/rollouts/gemini3flash/miniF2F-valid-50/algebra_ineq_nto1onlt2m1on.json,algebra_ineq_nto1onlt2m1on.json
action has empty extracted_lean_code,missing_extracted_code,action_134,outputs/rollouts/gemini3flash/miniF2F-valid-50/algebra_ineq_nto1onlt2m1on.json,algebra_ineq_nto1onlt2m1on.json
action has empty extracted_lean_code,missing_extracted_code,action_135,outputs/rollouts/gemini3flash/miniF2F-valid-50/algebra_ineq_nto1onlt2m1on.json,algebra_ineq_nto1onlt2m1on.json
action has empty extracted_lean_code,missing_extracted_code,action_136,outputs/rollouts/gemini3flash/miniF2F-valid-50/algebra_ineq_nto1onlt2m1on.json,algebra_ineq_nto1onlt2m1on.json
action has empty extracted_lean_code,missing_extracted_code,action_137,outputs/rollouts/gemini3flash/miniF2F-valid-50/algebra_ineq_nto1onlt2m1on.json,algebra_ineq_nto1onlt2m1on.json
action has empty extracted_lean_code,missing_extracted_code,action_138,outputs/rollouts/gemini3flash/miniF2F-valid-50/algebra_ineq_nto1onlt2m1on.json,algebra_ineq_nto1onlt2m1on.json
action has empty extracted_lean_code,missing_extracted_code,action_139,outputs/rollouts/gemini3flash/miniF2F-valid-50/algebra_ineq_nto1onlt2m1on.json,algebra_ineq_nto1onlt2m1on.json
action has empty extracted_lean_code,missing_extracted_code,action_140,outputs/rollouts/gemini3flash/miniF2F-valid-50/algebra_ineq_nto1onlt2m1on.json,algebra_ineq_nto1onlt2m1on.json
action has empty extracted_lean_code,missing_extracted_code,action_141,outputs/rollouts/gemini3flash/miniF2F-valid-50/algebra_ineq_nto1onlt2m1on.json,algebra_ineq_nto1onlt2m1on.json
action has empty extracted_lean_code,missing_extracted_code,action_142,outputs/rollouts/gemini3flash/miniF2F-valid-50/algebra_ineq_nto1onlt2m1on.json,algebra_ineq_nto1onlt2m1on.json
action has empty extracted_lean_code,missing_extracted_code,action_143,outputs/rollouts/gemini3flash/miniF2F-valid-50/algebra_ineq_nto1onlt2m1on.json,algebra_ineq_nto1onlt2m1on.json
action has empty extracted_lean_code,missing_extracted_code,action_157,outputs/rollouts/gemini3flash/miniF2F-valid-50/algebra_ineq_nto1onlt2m1on.json,algebra_ineq_nto1onlt2m1on.json
action has empty extracted_lean_code,missing_extracted_code,action_158,outputs/rollouts/gemini3flash/miniF2F-valid-50/algebra_ineq_nto1onlt2m1on.json,algebra_ineq_nto1onlt2m1on.json
action has empty extracted_lean_code,missing_extracted_code,action_159,outputs/rollouts/gemini3flash/miniF2F-valid-50/algebra_ineq_nto1onlt2m1on.json,algebra_ineq_nto1onlt2m1on.json
action has empty extracted_lean_code,missing_extracted_code,action_160,outputs/rollouts/gemini3flash/miniF2F-valid-50/algebra_ineq_nto1onlt2m1on.json,algebra_ineq_nto1onlt2m1on.json
action has empty extracted_lean_code,missing_extracted_code,action_161,outputs/rollouts/gemini3flash/miniF2F-valid-50/algebra_ineq_nto1onlt2m1on.json,algebra_ineq_nto1onlt2m1on.json
action has empty extracted_lean_code,missing_extracted_code,action_162,outputs/rollouts/gemini3flash/miniF2F-valid-50/algebra_ineq_nto1onlt2m1on.json,algebra_ineq_nto1onlt2m1on.json
action has empty extracted_lean_code,missing_extracted_code,action_163,outputs/rollouts/gemini3flash/miniF2F-valid-50/algebra_ineq_nto1onlt2m1on.json,algebra_ineq_nto1onlt2m1on.json
action has empty extracted_lean_code,missing_extracted_code,action_164,outputs/rollouts/gemini3flash/miniF2F-valid-50/algebra_ineq_nto1onlt2m1on.json,algebra_ineq_nto1onlt2m1on.json
action has empty extracted_lean_code,missing_extracted_code,action_165,outputs/rollouts/gemini3flash/miniF2F-valid-50/algebra_ineq_nto1onlt2m1on.json,algebra_ineq_nto1onlt2m1on.json
action has empty extracted_lean_code,missing_extracted_code,action_166,outputs/rollouts/gemini3flash/miniF2F-valid-50/algebra_ineq_nto1onlt2m1on.json,algebra_ineq_nto1onlt2m1on.json
action has empty extracted_lean_code,missing_extracted_code,action_167,outputs/rollouts/gemini3flash/miniF2F-valid-50/algebra_ineq_nto1onlt2m1on.json,algebra_ineq_nto1onlt2m1on.json
action has empty extracted_lean_code,missing_extracted_code,action_168,outputs/rollouts/gemini3flash/miniF2F-valid-50/algebra_ineq_nto1onlt2m1on.json,algebra_ineq_nto1onlt2m1on.json
action has empty extracted_lean_code,missing_extracted_code,action_312,outputs/rollouts/gemini3flash/miniF2F-valid-50/algebra_ineq_nto1onlt2m1on.json,algebra_ineq_nto1onlt2m1on.json
action has empty extracted_lean_code,missing_extracted_code,action_313,outputs/rollouts/gemini3flash/miniF2F-valid-50/algebra_ineq_nto1onlt2m1on.json,algebra_ineq_nto1onlt2m1on.json
action has empty extracted_lean_code,missing_extracted_code,action_314,outputs/rollouts/gemini3flash/miniF2F-valid-50/algebra_ineq_nto1onlt2m1on.json,algebra_ineq_nto1onlt2m1on.json
action has empty extracted_lean_code,missing_extracted_code,action_315,outputs/rollouts/gemini3flash/miniF2F-valid-50/algebra_ineq_nto1onlt2m1on.json,algebra_ineq_nto1onlt2m1on.json
action has empty extracted_lean_code,missing_extracted_code,action_316,outputs/rollouts/gemini3flash/miniF2F-valid-50/algebra_ineq_nto1onlt2m1on.json,algebra_ineq_nto1onlt2m1on.json
action has empty extracted_lean_code,missing_extracted_code,action_317,outputs/rollouts/gemini3flash/miniF2F-valid-50/algebra_ineq_nto1onlt2m1on.json,algebra_ineq_nto1onlt2m1on.json
action has empty extracted_lean_code,missing_extracted_code,action_318,outputs/rollouts/gemini3flash/miniF2F-valid-50/algebra_ineq_nto1onlt2m1on.json,algebra_ineq_nto1onlt2m1on.json
action has empty extracted_lean_code,missing_extracted_code,action_319,outputs/rollouts/gemini3flash/miniF2F-valid-50/algebra_ineq_nto1onlt2m1on.json,algebra_ineq_nto1onlt2m1on.json
action has empty extracted_lean_code,missing_extracted_code,action_320,outputs/rollouts/gemini3flash/miniF2F-valid-50/algebra_ineq_nto1onlt2m1on.json,algebra_ineq_nto1onlt2m1on.json
action has empty extracted_lean_code,missing_extracted_code,action_321,outputs/rollouts/gemini3flash/miniF2F-valid-50/algebra_ineq_nto1onlt2m1on.json,algebra_ineq_nto1onlt2m1on.json
action has empty extracted_lean_code,missing_extracted_code,action_322,outputs/rollouts/gemini3flash/miniF2F-valid-50/algebra_ineq_nto1onlt2m1on.json,algebra_ineq_nto1onlt2m1on.json
action has empty extracted_lean_code,missing_extracted_code,action_323,outputs/rollouts/gemini3flash/miniF2F-valid-50/algebra_ineq_nto1onlt2m1on.json,algebra_ineq_nto1onlt2m1on.json
action has empty extracted_lean_code,missing_extracted_code,action_439,outputs/rollouts/gemini3flash/miniF2F-valid-50/algebra_ineq_nto1onlt2m1on.json,algebra_ineq_nto1onlt2m1on.json
action has empty extracted_lean_code,missing_extracted_code,action_440,outputs/rollouts/gemini3flash/miniF2F-valid-50/algebra_ineq_nto1onlt2m1on.json,algebra_ineq_nto1onlt2m1on.json
action has empty extracted_lean_code,missing_extracted_code,action_441,outputs/rollouts/gemini3flash/miniF2F-valid-50/algebra_ineq_nto1onlt2m1on.json,algebra_ineq_nto1onlt2m1on.json
action has empty extracted_lean_code,missing_extracted_code,action_442,outputs/rollouts/gemini3flash/miniF2F-valid-50/algebra_ineq_nto1onlt2m1on.json,algebra_ineq_nto1onlt2m1on.json
action has empty extracted_lean_code,missing_extracted_code,action_443,outputs/rollouts/gemini3flash/miniF2F-valid-50/algebra_ineq_nto1onlt2m1on.json,algebra_ineq_nto1onlt2m1on.json
action has empty extracted_lean_code,missing_extracted_code,action_444,outputs/rollouts/gemini3flash/miniF2F-valid-50/algebra_ineq_nto1onlt2m1on.json,algebra_ineq_nto1onlt2m1on.json
action has empty extracted_lean_code,missing_extracted_code,action_445,outputs/rollouts/gemini3flash/miniF2F-valid-50/algebra_ineq_nto1onlt2m1on.json,algebra_ineq_nto1onlt2m1on.json
action has empty extracted_lean_code,missing_extracted_code,action_446,outputs/rollouts/gemini3flash/miniF2F-valid-50/algebra_ineq_nto1onlt2m1on.json,algebra_ineq_nto1onlt2m1on.json
action has empty extracted_lean_code,missing_extracted_code,action_447,outputs/rollouts/gemini3flash/miniF2F-valid-50/algebra_ineq_nto1onlt2m1on.json,algebra_ineq_nto1onlt2m1on.json
action has empty extracted_lean_code,missing_extracted_code,action_518,outputs/rollouts/gemini3flash/miniF2F-valid-50/algebra_ineq_nto1onlt2m1on.json,algebra_ineq_nto1onlt2m1on.json
action has empty extracted_lean_code,missing_extracted_code,action_519,outputs/rollouts/gemini3flash/miniF2F-valid-50/algebra_ineq_nto1onlt2m1on.json,algebra_ineq_nto1onlt2m1on.json
action has empty extracted_lean_code,missing_extracted_code,action_520,outputs/rollouts/gemini3flash/miniF2F-valid-50/algebra_ineq_nto1onlt2m1on.json,algebra_ineq_nto1onlt2m1on.json
action has empty extracted_lean_code,missing_extracted_code,action_521,outputs/rollouts/gemini3flash/miniF2F-valid-50/algebra_ineq_nto1onlt2m1on.json,algebra_ineq_nto1onlt2m1on.json
action has empty extracted_lean_code,missing_extracted_code,action_522,outputs/rollouts/gemini3flash/miniF2F-valid-50/algebra_ineq_nto1onlt2m1on.json,algebra_ineq_nto1onlt2m1on.json
action has empty extracted_lean_code,missing_extracted_code,action_523,outputs/rollouts/gemini3flash/miniF2F-valid-50/algebra_ineq_nto1onlt2m1on.json,algebra_ineq_nto1onlt2m1on.json
action has empty extracted_lean_code,missing_extracted_code,action_524,outputs/rollouts/gemini3flash/miniF2F-valid-50/algebra_ineq_nto1onlt2m1on.json,algebra_ineq_nto1onlt2m1on.json
action has empty extracted_lean_code,missing_extracted_code,action_525,outputs/rollouts/gemini3flash/miniF2F-valid-50/algebra_ineq_nto1onlt2m1on.json,algebra_ineq_nto1onlt2m1on.json
FAILED action has r_env=1.0,failed_full_r_env,action_196,outputs/rollouts/gemini3flash/miniF2F-valid-50/algebra_others_exirrpowirrrat.json,algebra_others_exirrpowirrrat.json
length=2; goals=; edges=edge_placeholder ; edge_placeholder,cycle_detected,state_0 -> action_218,outputs/rollouts/gemini3flash/miniF2F-valid-50/algebra_others_exirrpowirrrat.json,algebra_others_exirrpowirrrat.json
length=2; goals=; edges=edge_placeholder ; edge_placeholder,cycle_detected,state_0 -> action_309,outputs/rollouts/gemini3flash/miniF2F-valid-50/algebra_others_exirrpowirrrat.json,algebra_others_exirrpowirrrat.json
FAILED action has r_env=1.0,failed_full_r_env,action_2,outputs/rollouts/gemini3flash/miniF2F-valid-50/algebra_sqineq_unitcircatbpabsamblt1.json,algebra_sqineq_unitcircatbpabsamblt1.json
FAILED action has r_env=1.0,failed_full_r_env,action_112,outputs/rollouts/gemini3flash/miniF2F-valid-50/algebra_sqineq_unitcircatbpabsamblt1.json,algebra_sqineq_unitcircatbpabsamblt1.json
FAILED action has r_env=1.0,failed_full_r_env,action_115,outputs/rollouts/gemini3flash/miniF2F-valid-50/algebra_sqineq_unitcircatbpabsamblt1.json,algebra_sqineq_unitcircatbpabsamblt1.json
FAILED action has r_env=1.0,failed_full_r_env,action_5,outputs/rollouts/gemini3flash/miniF2F-valid-50/algebra_sqineq_unitcircatbpamblt1.json,algebra_sqineq_unitcircatbpamblt1.json
action has empty extracted_lean_code,missing_extracted_code,action_25,outputs/rollouts/gemini3flash/miniF2F-valid-50/amc12_2000_p1.json,amc12_2000_p1.json
action has empty extracted_lean_code,missing_extracted_code,action_26,outputs/rollouts/gemini3flash/miniF2F-valid-50/amc12_2000_p1.json,amc12_2000_p1.json
action has empty extracted_lean_code,missing_extracted_code,action_27,outputs/rollouts/gemini3flash/miniF2F-valid-50/amc12_2000_p1.json,amc12_2000_p1.json
FAILED action has r_env=1.0,failed_full_r_env,action_28,outputs/rollouts/gemini3flash/miniF2F-valid-50/amc12_2000_p1.json,amc12_2000_p1.json
FAILED action has r_env=1.0,failed_full_r_env,action_34,outputs/rollouts/gemini3flash/miniF2F-valid-50/amc12_2000_p1.json,amc12_2000_p1.json
action has empty extracted_lean_code,missing_extracted_code,action_67,outputs/rollouts/gemini3flash/miniF2F-valid-50/amc12_2000_p1.json,amc12_2000_p1.json
action has empty extracted_lean_code,missing_extracted_code,action_68,outputs/rollouts/gemini3flash/miniF2F-valid-50/amc12_2000_p1.json,amc12_2000_p1.json
action has empty extracted_lean_code,missing_extracted_code,action_69,outputs/rollouts/gemini3flash/miniF2F-valid-50/amc12_2000_p1.json,amc12_2000_p1.json
action has empty extracted_lean_code,missing_extracted_code,action_70,outputs/rollouts/gemini3flash/miniF2F-valid-50/amc12_2000_p1.json,amc12_2000_p1.json
action has empty extracted_lean_code,missing_extracted_code,action_71,outputs/rollouts/gemini3flash/miniF2F-valid-50/amc12_2000_p1.json,amc12_2000_p1.json
action has empty extracted_lean_code,missing_extracted_code,action_72,outputs/rollouts/gemini3flash/miniF2F-valid-50/amc12_2000_p1.json,amc12_2000_p1.json
action has empty extracted_lean_code,missing_extracted_code,action_73,outputs/rollouts/gemini3flash/miniF2F-valid-50/amc12_2000_p1.json,amc12_2000_p1.json
action has empty extracted_lean_code,missing_extracted_code,action_74,outputs/rollouts/gemini3flash/miniF2F-valid-50/amc12_2000_p1.json,amc12_2000_p1.json
action has empty extracted_lean_code,missing_extracted_code,action_75,outputs/rollouts/gemini3flash/miniF2F-valid-50/amc12_2000_p1.json,amc12_2000_p1.json
action has empty extracted_lean_code,missing_extracted_code,action_76,outputs/rollouts/gemini3flash/miniF2F-valid-50/amc12_2000_p1.json,amc12_2000_p1.json
action has empty extracted_lean_code,missing_extracted_code,action_77,outputs/rollouts/gemini3flash/miniF2F-valid-50/amc12_2000_p1.json,amc12_2000_p1.json
FAILED action has r_env=1.0,failed_full_r_env,action_78,outputs/rollouts/gemini3flash/miniF2F-valid-50/amc12_2000_p1.json,amc12_2000_p1.json
action has empty extracted_lean_code,missing_extracted_code,action_79,outputs/rollouts/gemini3flash/miniF2F-valid-50/amc12_2000_p1.json,amc12_2000_p1.json
action has empty extracted_lean_code,missing_extracted_code,action_81,outputs/rollouts/gemini3flash/miniF2F-valid-50/amc12_2000_p1.json,amc12_2000_p1.json
action has empty extracted_lean_code,missing_extracted_code,action_82,outputs/rollouts/gemini3flash/miniF2F-valid-50/amc12_2000_p1.json,amc12_2000_p1.json
action has empty extracted_lean_code,missing_extracted_code,action_83,outputs/rollouts/gemini3flash/miniF2F-valid-50/amc12_2000_p1.json,amc12_2000_p1.json
action has empty extracted_lean_code,missing_extracted_code,action_84,outputs/rollouts/gemini3flash/miniF2F-valid-50/amc12_2000_p1.json,amc12_2000_p1.json
action has empty extracted_lean_code,missing_extracted_code,action_85,outputs/rollouts/gemini3flash/miniF2F-valid-50/amc12_2000_p1.json,amc12_2000_p1.json
action has empty extracted_lean_code,missing_extracted_code,action_86,outputs/rollouts/gemini3flash/miniF2F-valid-50/amc12_2000_p1.json,amc12_2000_p1.json
action has empty extracted_lean_code,missing_extracted_code,action_87,outputs/rollouts/gemini3flash/miniF2F-valid-50/amc12_2000_p1.json,amc12_2000_p1.json
action has empty extracted_lean_code,missing_extracted_code,action_88,outputs/rollouts/gemini3flash/miniF2F-valid-50/amc12_2000_p1.json,amc12_2000_p1.json
action has empty extracted_lean_code,missing_extracted_code,action_89,outputs/rollouts/gemini3flash/miniF2F-valid-50/amc12_2000_p1.json,amc12_2000_p1.json
action has empty extracted_lean_code,missing_extracted_code,action_116,outputs/rollouts/gemini3flash/miniF2F-valid-50/amc12_2000_p1.json,amc12_2000_p1.json
action has empty extracted_lean_code,missing_extracted_code,action_141,outputs/rollouts/gemini3flash/miniF2F-valid-50/amc12_2000_p1.json,amc12_2000_p1.json
action has empty extracted_lean_code,missing_extracted_code,action_142,outputs/rollouts/gemini3flash/miniF2F-valid-50/amc12_2000_p1.json,amc12_2000_p1.json
action has empty extracted_lean_code,missing_extracted_code,action_143,outputs/rollouts/gemini3flash/miniF2F-valid-50/amc12_2000_p1.json,amc12_2000_p1.json
action has empty extracted_lean_code,missing_extracted_code,action_144,outputs/rollouts/gemini3flash/miniF2F-valid-50/amc12_2000_p1.json,amc12_2000_p1.json
action has empty extracted_lean_code,missing_extracted_code,action_145,outputs/rollouts/gemini3flash/miniF2F-valid-50/amc12_2000_p1.json,amc12_2000_p1.json
action has empty extracted_lean_code,missing_extracted_code,action_146,outputs/rollouts/gemini3flash/miniF2F-valid-50/amc12_2000_p1.json,amc12_2000_p1.json
action has empty extracted_lean_code,missing_extracted_code,action_147,outputs/rollouts/gemini3flash/miniF2F-valid-50/amc12_2000_p1.json,amc12_2000_p1.json
action has empty extracted_lean_code,missing_extracted_code,action_148,outputs/rollouts/gemini3flash/miniF2F-valid-50/amc12_2000_p1.json,amc12_2000_p1.json
action has empty extracted_lean_code,missing_extracted_code,action_149,outputs/rollouts/gemini3flash/miniF2F-valid-50/amc12_2000_p1.json,amc12_2000_p1.json
action has empty extracted_lean_code,missing_extracted_code,action_150,outputs/rollouts/gemini3flash/miniF2F-valid-50/amc12_2000_p1.json,amc12_2000_p1.json
action has empty extracted_lean_code,missing_extracted_code,action_151,outputs/rollouts/gemini3flash/miniF2F-valid-50/amc12_2000_p1.json,amc12_2000_p1.json
FAILED action has r_env=1.0,failed_full_r_env,action_152,outputs/rollouts/gemini3flash/miniF2F-valid-50/amc12_2000_p1.json,amc12_2000_p1.json
FAILED action has r_env=1.0,failed_full_r_env,action_399,outputs/rollouts/gemini3flash/miniF2F-valid-50/amc12_2000_p1.json,amc12_2000_p1.json
FAILED action has r_env=1.0,failed_full_r_env,action_400,outputs/rollouts/gemini3flash/miniF2F-valid-50/amc12_2000_p1.json,amc12_2000_p1.json
FAILED action has r_env=1.0,failed_full_r_env,action_401,outputs/rollouts/gemini3flash/miniF2F-valid-50/amc12_2000_p1.json,amc12_2000_p1.json
FAILED action has r_env=1.0,failed_full_r_env,action_402,outputs/rollouts/gemini3flash/miniF2F-valid-50/amc12_2000_p1.json,amc12_2000_p1.json
FAILED action has r_env=1.0,failed_full_r_env,action_403,outputs/rollouts/gemini3flash/miniF2F-valid-50/amc12_2000_p1.json,amc12_2000_p1.json
FAILED action has r_env=1.0,failed_full_r_env,action_406,outputs/rollouts/gemini3flash/miniF2F-valid-50/amc12_2000_p1.json,amc12_2000_p1.json
FAILED action has r_env=1.0,failed_full_r_env,action_407,outputs/rollouts/gemini3flash/miniF2F-valid-50/amc12_2000_p1.json,amc12_2000_p1.json
FAILED action has r_env=1.0,failed_full_r_env,action_408,outputs/rollouts/gemini3flash/miniF2F-valid-50/amc12_2000_p1.json,amc12_2000_p1.json
action has empty extracted_lean_code,missing_extracted_code,action_430,outputs/rollouts/gemini3flash/miniF2F-valid-50/amc12_2000_p1.json,amc12_2000_p1.json
action has empty extracted_lean_code,missing_extracted_code,action_431,outputs/rollouts/gemini3flash/miniF2F-valid-50/amc12_2000_p1.json,amc12_2000_p1.json
action has empty extracted_lean_code,missing_extracted_code,action_432,outputs/rollouts/gemini3flash/miniF2F-valid-50/amc12_2000_p1.json,amc12_2000_p1.json
action has empty extracted_lean_code,missing_extracted_code,action_433,outputs/rollouts/gemini3flash/miniF2F-valid-50/amc12_2000_p1.json,amc12_2000_p1.json
action has empty extracted_lean_code,missing_extracted_code,action_434,outputs/rollouts/gemini3flash/miniF2F-valid-50/amc12_2000_p1.json,amc12_2000_p1.json
action has empty extracted_lean_code,missing_extracted_code,action_435,outputs/rollouts/gemini3flash/miniF2F-valid-50/amc12_2000_p1.json,amc12_2000_p1.json
action has empty extracted_lean_code,missing_extracted_code,action_436,outputs/rollouts/gemini3flash/miniF2F-valid-50/amc12_2000_p1.json,amc12_2000_p1.json
action has empty extracted_lean_code,missing_extracted_code,action_437,outputs/rollouts/gemini3flash/miniF2F-valid-50/amc12_2000_p1.json,amc12_2000_p1.json
action has empty extracted_lean_code,missing_extracted_code,action_438,outputs/rollouts/gemini3flash/miniF2F-valid-50/amc12_2000_p1.json,amc12_2000_p1.json
FAILED action has r_env=1.0,failed_full_r_env,action_439,outputs/rollouts/gemini3flash/miniF2F-valid-50/amc12_2000_p1.json,amc12_2000_p1.json
FAILED action has r_env=1.0,failed_full_r_env,action_441,outputs/rollouts/gemini3flash/miniF2F-valid-50/amc12_2000_p1.json,amc12_2000_p1.json
action has empty extracted_lean_code,missing_extracted_code,action_489,outputs/rollouts/gemini3flash/miniF2F-valid-50/amc12_2000_p1.json,amc12_2000_p1.json
FAILED action has r_env=1.0,failed_full_r_env,action_490,outputs/rollouts/gemini3flash/miniF2F-valid-50/amc12_2000_p1.json,amc12_2000_p1.json
FAILED action has r_env=1.0,failed_full_r_env,action_491,outputs/rollouts/gemini3flash/miniF2F-valid-50/amc12_2000_p1.json,amc12_2000_p1.json
FAILED action has r_env=1.0,failed_full_r_env,action_492,outputs/rollouts/gemini3flash/miniF2F-valid-50/amc12_2000_p1.json,amc12_2000_p1.json
FAILED action has r_env=1.0,failed_full_r_env,action_494,outputs/rollouts/gemini3flash/miniF2F-valid-50/amc12_2000_p1.json,amc12_2000_p1.json
FAILED action has r_env=1.0,failed_full_r_env,action_495,outputs/rollouts/gemini3flash/miniF2F-valid-50/amc12_2000_p1.json,amc12_2000_p1.json
FAILED action has r_env=1.0,failed_full_r_env,action_497,outputs/rollouts/gemini3flash/miniF2F-valid-50/amc12_2000_p1.json,amc12_2000_p1.json
FAILED action has r_env=1.0,failed_full_r_env,action_498,outputs/rollouts/gemini3flash/miniF2F-valid-50/amc12_2000_p1.json,amc12_2000_p1.json
action has empty extracted_lean_code,missing_extracted_code,action_501,outputs/rollouts/gemini3flash/miniF2F-valid-50/amc12_2000_p1.json,amc12_2000_p1.json
FAILED action has r_env=1.0,failed_full_r_env,action_205,outputs/rollouts/gemini3flash/miniF2F-valid-50/amc12_2000_p12.json,amc12_2000_p12.json
FAILED action has r_env=1.0,failed_full_r_env,action_271,outputs/rollouts/gemini3flash/miniF2F-valid-50/amc12_2000_p12.json,amc12_2000_p12.json
FAILED action has r_env=1.0,failed_full_r_env,action_274,outputs/rollouts/gemini3flash/miniF2F-valid-50/amc12_2000_p12.json,amc12_2000_p12.json
FAILED action has r_env=1.0,failed_full_r_env,action_425,outputs/rollouts/gemini3flash/miniF2F-valid-50/amc12_2000_p12.json,amc12_2000_p12.json
FAILED action has r_env=1.0,failed_full_r_env,action_430,outputs/rollouts/gemini3flash/miniF2F-valid-50/amc12_2000_p12.json,amc12_2000_p12.json
FAILED action has r_env=1.0,failed_full_r_env,action_433,outputs/rollouts/gemini3flash/miniF2F-valid-50/amc12_2000_p12.json,amc12_2000_p12.json
FAILED action has r_env=1.0,failed_full_r_env,action_434,outputs/rollouts/gemini3flash/miniF2F-valid-50/amc12_2000_p12.json,amc12_2000_p12.json
FAILED action has r_env=1.0,failed_full_r_env,action_441,outputs/rollouts/gemini3flash/miniF2F-valid-50/amc12_2000_p12.json,amc12_2000_p12.json
FAILED action has r_env=1.0,failed_full_r_env,action_442,outputs/rollouts/gemini3flash/miniF2F-valid-50/amc12_2000_p12.json,amc12_2000_p12.json
FAILED action has r_env=1.0,failed_full_r_env,action_448,outputs/rollouts/gemini3flash/miniF2F-valid-50/amc12_2000_p12.json,amc12_2000_p12.json
FAILED action has r_env=1.0,failed_full_r_env,action_297,outputs/rollouts/gemini3flash/miniF2F-valid-50/amc12_2000_p20.json,amc12_2000_p20.json
FAILED action has r_env=1.0,failed_full_r_env,action_316,outputs/rollouts/gemini3flash/miniF2F-valid-50/amc12_2000_p20.json,amc12_2000_p20.json
FAILED action has r_env=1.0,failed_full_r_env,action_445,outputs/rollouts/gemini3flash/miniF2F-valid-50/amc12_2000_p20.json,amc12_2000_p20.json
FAILED action has r_env=1.0,failed_full_r_env,action_454,outputs/rollouts/gemini3flash/miniF2F-valid-50/amc12_2000_p20.json,amc12_2000_p20.json
action has empty extracted_lean_code,missing_extracted_code,action_476,outputs/rollouts/gemini3flash/miniF2F-valid-50/amc12_2000_p20.json,amc12_2000_p20.json
action has empty extracted_lean_code,missing_extracted_code,action_477,outputs/rollouts/gemini3flash/miniF2F-valid-50/amc12_2000_p20.json,amc12_2000_p20.json
action has empty extracted_lean_code,missing_extracted_code,action_478,outputs/rollouts/gemini3flash/miniF2F-valid-50/amc12_2000_p20.json,amc12_2000_p20.json
action has empty extracted_lean_code,missing_extracted_code,action_479,outputs/rollouts/gemini3flash/miniF2F-valid-50/amc12_2000_p20.json,amc12_2000_p20.json
action has empty extracted_lean_code,missing_extracted_code,action_480,outputs/rollouts/gemini3flash/miniF2F-valid-50/amc12_2000_p20.json,amc12_2000_p20.json
action has empty extracted_lean_code,missing_extracted_code,action_481,outputs/rollouts/gemini3flash/miniF2F-valid-50/amc12_2000_p20.json,amc12_2000_p20.json
action has empty extracted_lean_code,missing_extracted_code,action_482,outputs/rollouts/gemini3flash/miniF2F-valid-50/amc12_2000_p20.json,amc12_2000_p20.json
action has empty extracted_lean_code,missing_extracted_code,action_483,outputs/rollouts/gemini3flash/miniF2F-valid-50/amc12_2000_p20.json,amc12_2000_p20.json
action has empty extracted_lean_code,missing_extracted_code,action_484,outputs/rollouts/gemini3flash/miniF2F-valid-50/amc12_2000_p20.json,amc12_2000_p20.json
action has empty extracted_lean_code,missing_extracted_code,action_485,outputs/rollouts/gemini3flash/miniF2F-valid-50/amc12_2000_p20.json,amc12_2000_p20.json
FAILED action has r_env=1.0,failed_full_r_env,action_486,outputs/rollouts/gemini3flash/miniF2F-valid-50/amc12_2000_p20.json,amc12_2000_p20.json
action has empty extracted_lean_code,missing_extracted_code,action_74,outputs/rollouts/gemini3flash/miniF2F-valid-50/amc12_2001_p21.json,amc12_2001_p21.json
action has empty extracted_lean_code,missing_extracted_code,action_101,outputs/rollouts/gemini3flash/miniF2F-valid-50/amc12_2001_p21.json,amc12_2001_p21.json
action has empty extracted_lean_code,missing_extracted_code,action_254,outputs/rollouts/gemini3flash/miniF2F-valid-50/amc12_2001_p21.json,amc12_2001_p21.json
action has empty extracted_lean_code,missing_extracted_code,action_405,outputs/rollouts/gemini3flash/miniF2F-valid-50/amc12_2001_p21.json,amc12_2001_p21.json
action has empty extracted_lean_code,missing_extracted_code,action_434,outputs/rollouts/gemini3flash/miniF2F-valid-50/amc12_2001_p21.json,amc12_2001_p21.json
action has empty extracted_lean_code,missing_extracted_code,action_466,outputs/rollouts/gemini3flash/miniF2F-valid-50/amc12_2001_p21.json,amc12_2001_p21.json
length=2; goals=; edges=edge_placeholder ; edge_placeholder,cycle_detected,state_2 -> action_37,outputs/rollouts/gemini3flash/miniF2F-valid-50/amc12a_2002_p6.json,amc12a_2002_p6.json
length=2; goals=; edges=edge_placeholder ; edge_placeholder,cycle_detected,state_2 -> action_99,outputs/rollouts/gemini3flash/miniF2F-valid-50/amc12a_2002_p6.json,amc12a_2002_p6.json
length=2; goals=; edges=edge_placeholder ; edge_placeholder,cycle_detected,state_12 -> action_259,outputs/rollouts/gemini3flash/miniF2F-valid-50/amc12a_2002_p6.json,amc12a_2002_p6.json
action has empty extracted_lean_code,missing_extracted_code,action_0,outputs/rollouts/gemini3flash/miniF2F-valid-50/amc12a_2003_p23.json,amc12a_2003_p23.json
action has empty extracted_lean_code,missing_extracted_code,action_1,outputs/rollouts/gemini3flash/miniF2F-valid-50/amc12a_2003_p23.json,amc12a_2003_p23.json
action has empty extracted_lean_code,missing_extracted_code,action_2,outputs/rollouts/gemini3flash/miniF2F-valid-50/amc12a_2003_p23.json,amc12a_2003_p23.json
action has empty extracted_lean_code,missing_extracted_code,action_3,outputs/rollouts/gemini3flash/miniF2F-valid-50/amc12a_2003_p23.json,amc12a_2003_p23.json
action has empty extracted_lean_code,missing_extracted_code,action_4,outputs/rollouts/gemini3flash/miniF2F-valid-50/amc12a_2003_p23.json,amc12a_2003_p23.json
action has empty extracted_lean_code,missing_extracted_code,action_5,outputs/rollouts/gemini3flash/miniF2F-valid-50/amc12a_2003_p23.json,amc12a_2003_p23.json
action has empty extracted_lean_code,missing_extracted_code,action_61,outputs/rollouts/gemini3flash/miniF2F-valid-50/amc12a_2008_p25.json,amc12a_2008_p25.json
action has empty extracted_lean_code,missing_extracted_code,action_62,outputs/rollouts/gemini3flash/miniF2F-valid-50/amc12a_2008_p25.json,amc12a_2008_p25.json
action has empty extracted_lean_code,missing_extracted_code,action_63,outputs/rollouts/gemini3flash/miniF2F-valid-50/amc12a_2008_p25.json,amc12a_2008_p25.json
action has empty extracted_lean_code,missing_extracted_code,action_64,outputs/rollouts/gemini3flash/miniF2F-valid-50/amc12a_2008_p25.json,amc12a_2008_p25.json
action has empty extracted_lean_code,missing_extracted_code,action_65,outputs/rollouts/gemini3flash/miniF2F-valid-50/amc12a_2008_p25.json,amc12a_2008_p25.json
action has empty extracted_lean_code,missing_extracted_code,action_73,outputs/rollouts/gemini3flash/miniF2F-valid-50/amc12a_2008_p25.json,amc12a_2008_p25.json
action has empty extracted_lean_code,missing_extracted_code,action_109,outputs/rollouts/gemini3flash/miniF2F-valid-50/amc12a_2008_p25.json,amc12a_2008_p25.json
action has empty extracted_lean_code,missing_extracted_code,action_110,outputs/rollouts/gemini3flash/miniF2F-valid-50/amc12a_2008_p25.json,amc12a_2008_p25.json
action has empty extracted_lean_code,missing_extracted_code,action_111,outputs/rollouts/gemini3flash/miniF2F-valid-50/amc12a_2008_p25.json,amc12a_2008_p25.json
action has empty extracted_lean_code,missing_extracted_code,action_112,outputs/rollouts/gemini3flash/miniF2F-valid-50/amc12a_2008_p25.json,amc12a_2008_p25.json
action has empty extracted_lean_code,missing_extracted_code,action_113,outputs/rollouts/gemini3flash/miniF2F-valid-50/amc12a_2008_p25.json,amc12a_2008_p25.json
action has empty extracted_lean_code,missing_extracted_code,action_114,outputs/rollouts/gemini3flash/miniF2F-valid-50/amc12a_2008_p25.json,amc12a_2008_p25.json
action has empty extracted_lean_code,missing_extracted_code,action_115,outputs/rollouts/gemini3flash/miniF2F-valid-50/amc12a_2008_p25.json,amc12a_2008_p25.json
action has empty extracted_lean_code,missing_extracted_code,action_116,outputs/rollouts/gemini3flash/miniF2F-valid-50/amc12a_2008_p25.json,amc12a_2008_p25.json
action has empty extracted_lean_code,missing_extracted_code,action_117,outputs/rollouts/gemini3flash/miniF2F-valid-50/amc12a_2008_p25.json,amc12a_2008_p25.json
action has empty extracted_lean_code,missing_extracted_code,action_118,outputs/rollouts/gemini3flash/miniF2F-valid-50/amc12a_2008_p25.json,amc12a_2008_p25.json
action has empty extracted_lean_code,missing_extracted_code,action_119,outputs/rollouts/gemini3flash/miniF2F-valid-50/amc12a_2008_p25.json,amc12a_2008_p25.json
action has empty extracted_lean_code,missing_extracted_code,action_120,outputs/rollouts/gemini3flash/miniF2F-valid-50/amc12a_2008_p25.json,amc12a_2008_p25.json
action has empty extracted_lean_code,missing_extracted_code,action_142,outputs/rollouts/gemini3flash/miniF2F-valid-50/amc12a_2008_p25.json,amc12a_2008_p25.json
action has empty extracted_lean_code,missing_extracted_code,action_143,outputs/rollouts/gemini3flash/miniF2F-valid-50/amc12a_2008_p25.json,amc12a_2008_p25.json
action has empty extracted_lean_code,missing_extracted_code,action_144,outputs/rollouts/gemini3flash/miniF2F-valid-50/amc12a_2008_p25.json,amc12a_2008_p25.json
action has empty extracted_lean_code,missing_extracted_code,action_145,outputs/rollouts/gemini3flash/miniF2F-valid-50/amc12a_2008_p25.json,amc12a_2008_p25.json
action has empty extracted_lean_code,missing_extracted_code,action_174,outputs/rollouts/gemini3flash/miniF2F-valid-50/amc12a_2008_p25.json,amc12a_2008_p25.json
action has empty extracted_lean_code,missing_extracted_code,action_175,outputs/rollouts/gemini3flash/miniF2F-valid-50/amc12a_2008_p25.json,amc12a_2008_p25.json
action has empty extracted_lean_code,missing_extracted_code,action_176,outputs/rollouts/gemini3flash/miniF2F-valid-50/amc12a_2008_p25.json,amc12a_2008_p25.json
action has empty extracted_lean_code,missing_extracted_code,action_177,outputs/rollouts/gemini3flash/miniF2F-valid-50/amc12a_2008_p25.json,amc12a_2008_p25.json
action has empty extracted_lean_code,missing_extracted_code,action_178,outputs/rollouts/gemini3flash/miniF2F-valid-50/amc12a_2008_p25.json,amc12a_2008_p25.json
action has empty extracted_lean_code,missing_extracted_code,action_179,outputs/rollouts/gemini3flash/miniF2F-valid-50/amc12a_2008_p25.json,amc12a_2008_p25.json
action has empty extracted_lean_code,missing_extracted_code,action_180,outputs/rollouts/gemini3flash/miniF2F-valid-50/amc12a_2008_p25.json,amc12a_2008_p25.json
action has empty extracted_lean_code,missing_extracted_code,action_181,outputs/rollouts/gemini3flash/miniF2F-valid-50/amc12a_2008_p25.json,amc12a_2008_p25.json
action has empty extracted_lean_code,missing_extracted_code,action_182,outputs/rollouts/gemini3flash/miniF2F-valid-50/amc12a_2008_p25.json,amc12a_2008_p25.json
action has empty extracted_lean_code,missing_extracted_code,action_183,outputs/rollouts/gemini3flash/miniF2F-valid-50/amc12a_2008_p25.json,amc12a_2008_p25.json
action has empty extracted_lean_code,missing_extracted_code,action_184,outputs/rollouts/gemini3flash/miniF2F-valid-50/amc12a_2008_p25.json,amc12a_2008_p25.json
action has empty extracted_lean_code,missing_extracted_code,action_185,outputs/rollouts/gemini3flash/miniF2F-valid-50/amc12a_2008_p25.json,amc12a_2008_p25.json
action has empty extracted_lean_code,missing_extracted_code,action_223,outputs/rollouts/gemini3flash/miniF2F-valid-50/amc12a_2008_p25.json,amc12a_2008_p25.json
action has empty extracted_lean_code,missing_extracted_code,action_224,outputs/rollouts/gemini3flash/miniF2F-valid-50/amc12a_2008_p25.json,amc12a_2008_p25.json
action has empty extracted_lean_code,missing_extracted_code,action_225,outputs/rollouts/gemini3flash/miniF2F-valid-50/amc12a_2008_p25.json,amc12a_2008_p25.json
action has empty extracted_lean_code,missing_extracted_code,action_226,outputs/rollouts/gemini3flash/miniF2F-valid-50/amc12a_2008_p25.json,amc12a_2008_p25.json
action has empty extracted_lean_code,missing_extracted_code,action_227,outputs/rollouts/gemini3flash/miniF2F-valid-50/amc12a_2008_p25.json,amc12a_2008_p25.json
action has empty extracted_lean_code,missing_extracted_code,action_228,outputs/rollouts/gemini3flash/miniF2F-valid-50/amc12a_2008_p25.json,amc12a_2008_p25.json
action has empty extracted_lean_code,missing_extracted_code,action_255,outputs/rollouts/gemini3flash/miniF2F-valid-50/amc12a_2008_p25.json,amc12a_2008_p25.json
action has empty extracted_lean_code,missing_extracted_code,action_256,outputs/rollouts/gemini3flash/miniF2F-valid-50/amc12a_2008_p25.json,amc12a_2008_p25.json
action has empty extracted_lean_code,missing_extracted_code,action_257,outputs/rollouts/gemini3flash/miniF2F-valid-50/amc12a_2008_p25.json,amc12a_2008_p25.json
action has empty extracted_lean_code,missing_extracted_code,action_258,outputs/rollouts/gemini3flash/miniF2F-valid-50/amc12a_2008_p25.json,amc12a_2008_p25.json
action has empty extracted_lean_code,missing_extracted_code,action_259,outputs/rollouts/gemini3flash/miniF2F-valid-50/amc12a_2008_p25.json,amc12a_2008_p25.json
action has empty extracted_lean_code,missing_extracted_code,action_260,outputs/rollouts/gemini3flash/miniF2F-valid-50/amc12a_2008_p25.json,amc12a_2008_p25.json
action has empty extracted_lean_code,missing_extracted_code,action_261,outputs/rollouts/gemini3flash/miniF2F-valid-50/amc12a_2008_p25.json,amc12a_2008_p25.json
action has empty extracted_lean_code,missing_extracted_code,action_336,outputs/rollouts/gemini3flash/miniF2F-valid-50/amc12a_2008_p25.json,amc12a_2008_p25.json
action has empty extracted_lean_code,missing_extracted_code,action_337,outputs/rollouts/gemini3flash/miniF2F-valid-50/amc12a_2008_p25.json,amc12a_2008_p25.json
action has empty extracted_lean_code,missing_extracted_code,action_338,outputs/rollouts/gemini3flash/miniF2F-valid-50/amc12a_2008_p25.json,amc12a_2008_p25.json
action has empty extracted_lean_code,missing_extracted_code,action_339,outputs/rollouts/gemini3flash/miniF2F-valid-50/amc12a_2008_p25.json,amc12a_2008_p25.json
action has empty extracted_lean_code,missing_extracted_code,action_340,outputs/rollouts/gemini3flash/miniF2F-valid-50/amc12a_2008_p25.json,amc12a_2008_p25.json
action has empty extracted_lean_code,missing_extracted_code,action_341,outputs/rollouts/gemini3flash/miniF2F-valid-50/amc12a_2008_p25.json,amc12a_2008_p25.json
action has empty extracted_lean_code,missing_extracted_code,action_342,outputs/rollouts/gemini3flash/miniF2F-valid-50/amc12a_2008_p25.json,amc12a_2008_p25.json
action has empty extracted_lean_code,missing_extracted_code,action_344,outputs/rollouts/gemini3flash/miniF2F-valid-50/amc12a_2008_p25.json,amc12a_2008_p25.json
FAILED action has r_env=1.0,failed_full_r_env,action_0,outputs/rollouts/gemini3flash/miniF2F-valid-50/amc12a_2009_p6.json,amc12a_2009_p6.json
FAILED action has r_env=1.0,failed_full_r_env,action_36,outputs/rollouts/gemini3flash/miniF2F-valid-50/amc12a_2009_p6.json,amc12a_2009_p6.json
FAILED action has r_env=1.0,failed_full_r_env,action_38,outputs/rollouts/gemini3flash/miniF2F-valid-50/amc12a_2009_p6.json,amc12a_2009_p6.json
FAILED action has r_env=1.0,failed_full_r_env,action_39,outputs/rollouts/gemini3flash/miniF2F-valid-50/amc12a_2009_p6.json,amc12a_2009_p6.json
FAILED action has r_env=1.0,failed_full_r_env,action_41,outputs/rollouts/gemini3flash/miniF2F-valid-50/amc12a_2009_p6.json,amc12a_2009_p6.json
FAILED action has r_env=1.0,failed_full_r_env,action_48,outputs/rollouts/gemini3flash/miniF2F-valid-50/amc12a_2009_p6.json,amc12a_2009_p6.json
FAILED action has r_env=1.0,failed_full_r_env,action_50,outputs/rollouts/gemini3flash/miniF2F-valid-50/amc12a_2009_p6.json,amc12a_2009_p6.json
FAILED action has r_env=1.0,failed_full_r_env,action_52,outputs/rollouts/gemini3flash/miniF2F-valid-50/amc12a_2009_p6.json,amc12a_2009_p6.json
FAILED action has r_env=1.0,failed_full_r_env,action_56,outputs/rollouts/gemini3flash/miniF2F-valid-50/amc12a_2009_p6.json,amc12a_2009_p6.json
FAILED action has r_env=1.0,failed_full_r_env,action_57,outputs/rollouts/gemini3flash/miniF2F-valid-50/amc12a_2009_p6.json,amc12a_2009_p6.json
FAILED action has r_env=1.0,failed_full_r_env,action_58,outputs/rollouts/gemini3flash/miniF2F-valid-50/amc12a_2009_p6.json,amc12a_2009_p6.json
FAILED action has r_env=1.0,failed_full_r_env,action_60,outputs/rollouts/gemini3flash/miniF2F-valid-50/amc12a_2009_p6.json,amc12a_2009_p6.json
FAILED action has r_env=1.0,failed_full_r_env,action_64,outputs/rollouts/gemini3flash/miniF2F-valid-50/amc12a_2009_p6.json,amc12a_2009_p6.json
FAILED action has r_env=1.0,failed_full_r_env,action_122,outputs/rollouts/gemini3flash/miniF2F-valid-50/amc12a_2009_p6.json,amc12a_2009_p6.json
FAILED action has r_env=1.0,failed_full_r_env,action_214,outputs/rollouts/gemini3flash/miniF2F-valid-50/amc12a_2009_p6.json,amc12a_2009_p6.json
FAILED action has r_env=1.0,failed_full_r_env,action_215,outputs/rollouts/gemini3flash/miniF2F-valid-50/amc12a_2009_p6.json,amc12a_2009_p6.json
FAILED action has r_env=1.0,failed_full_r_env,action_216,outputs/rollouts/gemini3flash/miniF2F-valid-50/amc12a_2009_p6.json,amc12a_2009_p6.json
FAILED action has r_env=1.0,failed_full_r_env,action_218,outputs/rollouts/gemini3flash/miniF2F-valid-50/amc12a_2009_p6.json,amc12a_2009_p6.json
FAILED action has r_env=1.0,failed_full_r_env,action_222,outputs/rollouts/gemini3flash/miniF2F-valid-50/amc12a_2009_p6.json,amc12a_2009_p6.json
FAILED action has r_env=1.0,failed_full_r_env,action_271,outputs/rollouts/gemini3flash/miniF2F-valid-50/amc12a_2009_p6.json,amc12a_2009_p6.json
FAILED action has r_env=1.0,failed_full_r_env,action_272,outputs/rollouts/gemini3flash/miniF2F-valid-50/amc12a_2009_p6.json,amc12a_2009_p6.json
FAILED action has r_env=1.0,failed_full_r_env,action_273,outputs/rollouts/gemini3flash/miniF2F-valid-50/amc12a_2009_p6.json,amc12a_2009_p6.json
FAILED action has r_env=1.0,failed_full_r_env,action_274,outputs/rollouts/gemini3flash/miniF2F-valid-50/amc12a_2009_p6.json,amc12a_2009_p6.json
FAILED action has r_env=1.0,failed_full_r_env,action_275,outputs/rollouts/gemini3flash/miniF2F-valid-50/amc12a_2009_p6.json,amc12a_2009_p6.json
FAILED action has r_env=1.0,failed_full_r_env,action_276,outputs/rollouts/gemini3flash/miniF2F-valid-50/amc12a_2009_p6.json,amc12a_2009_p6.json
FAILED action has r_env=1.0,failed_full_r_env,action_278,outputs/rollouts/gemini3flash/miniF2F-valid-50/amc12a_2009_p6.json,amc12a_2009_p6.json
FAILED action has r_env=1.0,failed_full_r_env,action_280,outputs/rollouts/gemini3flash/miniF2F-valid-50/amc12a_2009_p6.json,amc12a_2009_p6.json
FAILED action has r_env=1.0,failed_full_r_env,action_281,outputs/rollouts/gemini3flash/miniF2F-valid-50/amc12a_2009_p6.json,amc12a_2009_p6.json
FAILED action has r_env=1.0,failed_full_r_env,action_353,outputs/rollouts/gemini3flash/miniF2F-valid-50/amc12a_2009_p6.json,amc12a_2009_p6.json
FAILED action has r_env=1.0,failed_full_r_env,action_364,outputs/rollouts/gemini3flash/miniF2F-valid-50/amc12a_2009_p6.json,amc12a_2009_p6.json
FAILED action has r_env=1.0,failed_full_r_env,action_365,outputs/rollouts/gemini3flash/miniF2F-valid-50/amc12a_2009_p6.json,amc12a_2009_p6.json
FAILED action has r_env=1.0,failed_full_r_env,action_366,outputs/rollouts/gemini3flash/miniF2F-valid-50/amc12a_2009_p6.json,amc12a_2009_p6.json
FAILED action has r_env=1.0,failed_full_r_env,action_367,outputs/rollouts/gemini3flash/miniF2F-valid-50/amc12a_2009_p6.json,amc12a_2009_p6.json
FAILED action has r_env=1.0,failed_full_r_env,action_375,outputs/rollouts/gemini3flash/miniF2F-valid-50/amc12a_2009_p6.json,amc12a_2009_p6.json
action has empty extracted_lean_code,missing_extracted_code,action_376,outputs/rollouts/gemini3flash/miniF2F-valid-50/amc12a_2009_p6.json,amc12a_2009_p6.json
FAILED action has r_env=1.0,failed_full_r_env,action_391,outputs/rollouts/gemini3flash/miniF2F-valid-50/amc12a_2009_p6.json,amc12a_2009_p6.json
FAILED action has r_env=1.0,failed_full_r_env,action_392,outputs/rollouts/gemini3flash/miniF2F-valid-50/amc12a_2009_p6.json,amc12a_2009_p6.json
FAILED action has r_env=1.0,failed_full_r_env,action_393,outputs/rollouts/gemini3flash/miniF2F-valid-50/amc12a_2009_p6.json,amc12a_2009_p6.json
FAILED action has r_env=1.0,failed_full_r_env,action_394,outputs/rollouts/gemini3flash/miniF2F-valid-50/amc12a_2009_p6.json,amc12a_2009_p6.json
FAILED action has r_env=1.0,failed_full_r_env,action_395,outputs/rollouts/gemini3flash/miniF2F-valid-50/amc12a_2009_p6.json,amc12a_2009_p6.json
FAILED action has r_env=1.0,failed_full_r_env,action_396,outputs/rollouts/gemini3flash/miniF2F-valid-50/amc12a_2009_p6.json,amc12a_2009_p6.json
FAILED action has r_env=1.0,failed_full_r_env,action_397,outputs/rollouts/gemini3flash/miniF2F-valid-50/amc12a_2009_p6.json,amc12a_2009_p6.json
FAILED action has r_env=1.0,failed_full_r_env,action_398,outputs/rollouts/gemini3flash/miniF2F-valid-50/amc12a_2009_p6.json,amc12a_2009_p6.json
FAILED action has r_env=1.0,failed_full_r_env,action_399,outputs/rollouts/gemini3flash/miniF2F-valid-50/amc12a_2009_p6.json,amc12a_2009_p6.json
FAILED action has r_env=1.0,failed_full_r_env,action_400,outputs/rollouts/gemini3flash/miniF2F-valid-50/amc12a_2009_p6.json,amc12a_2009_p6.json
FAILED action has r_env=1.0,failed_full_r_env,action_401,outputs/rollouts/gemini3flash/miniF2F-valid-50/amc12a_2009_p6.json,amc12a_2009_p6.json
FAILED action has r_env=1.0,failed_full_r_env,action_402,outputs/rollouts/gemini3flash/miniF2F-valid-50/amc12a_2009_p6.json,amc12a_2009_p6.json
FAILED action has r_env=1.0,failed_full_r_env,action_418,outputs/rollouts/gemini3flash/miniF2F-valid-50/amc12a_2009_p6.json,amc12a_2009_p6.json
FAILED action has r_env=1.0,failed_full_r_env,action_419,outputs/rollouts/gemini3flash/miniF2F-valid-50/amc12a_2009_p6.json,amc12a_2009_p6.json
FAILED action has r_env=1.0,failed_full_r_env,action_420,outputs/rollouts/gemini3flash/miniF2F-valid-50/amc12a_2009_p6.json,amc12a_2009_p6.json
FAILED action has r_env=1.0,failed_full_r_env,action_421,outputs/rollouts/gemini3flash/miniF2F-valid-50/amc12a_2009_p6.json,amc12a_2009_p6.json
FAILED action has r_env=1.0,failed_full_r_env,action_422,outputs/rollouts/gemini3flash/miniF2F-valid-50/amc12a_2009_p6.json,amc12a_2009_p6.json
FAILED action has r_env=1.0,failed_full_r_env,action_423,outputs/rollouts/gemini3flash/miniF2F-valid-50/amc12a_2009_p6.json,amc12a_2009_p6.json
FAILED action has r_env=1.0,failed_full_r_env,action_424,outputs/rollouts/gemini3flash/miniF2F-valid-50/amc12a_2009_p6.json,amc12a_2009_p6.json
FAILED action has r_env=1.0,failed_full_r_env,action_426,outputs/rollouts/gemini3flash/miniF2F-valid-50/amc12a_2009_p6.json,amc12a_2009_p6.json
FAILED action has r_env=1.0,failed_full_r_env,action_427,outputs/rollouts/gemini3flash/miniF2F-valid-50/amc12a_2009_p6.json,amc12a_2009_p6.json
FAILED action has r_env=1.0,failed_full_r_env,action_441,outputs/rollouts/gemini3flash/miniF2F-valid-50/amc12a_2009_p6.json,amc12a_2009_p6.json
FAILED action has r_env=1.0,failed_full_r_env,action_443,outputs/rollouts/gemini3flash/miniF2F-valid-50/amc12a_2009_p6.json,amc12a_2009_p6.json
FAILED action has r_env=1.0,failed_full_r_env,action_446,outputs/rollouts/gemini3flash/miniF2F-valid-50/amc12a_2009_p6.json,amc12a_2009_p6.json
FAILED action has r_env=1.0,failed_full_r_env,action_447,outputs/rollouts/gemini3flash/miniF2F-valid-50/amc12a_2009_p6.json,amc12a_2009_p6.json
FAILED action has r_env=1.0,failed_full_r_env,action_448,outputs/rollouts/gemini3flash/miniF2F-valid-50/amc12a_2009_p6.json,amc12a_2009_p6.json
FAILED action has r_env=1.0,failed_full_r_env,action_449,outputs/rollouts/gemini3flash/miniF2F-valid-50/amc12a_2009_p6.json,amc12a_2009_p6.json
FAILED action has r_env=1.0,failed_full_r_env,action_450,outputs/rollouts/gemini3flash/miniF2F-valid-50/amc12a_2009_p6.json,amc12a_2009_p6.json
FAILED action has r_env=1.0,failed_full_r_env,action_451,outputs/rollouts/gemini3flash/miniF2F-valid-50/amc12a_2009_p6.json,amc12a_2009_p6.json
FAILED action has r_env=1.0,failed_full_r_env,action_452,outputs/rollouts/gemini3flash/miniF2F-valid-50/amc12a_2009_p6.json,amc12a_2009_p6.json
FAILED action has r_env=1.0,failed_full_r_env,action_491,outputs/rollouts/gemini3flash/miniF2F-valid-50/amc12a_2009_p6.json,amc12a_2009_p6.json
FAILED action has r_env=1.0,failed_full_r_env,action_494,outputs/rollouts/gemini3flash/miniF2F-valid-50/amc12a_2009_p6.json,amc12a_2009_p6.json
FAILED action has r_env=1.0,failed_full_r_env,action_497,outputs/rollouts/gemini3flash/miniF2F-valid-50/amc12a_2009_p6.json,amc12a_2009_p6.json
FAILED action has r_env=1.0,failed_full_r_env,action_499,outputs/rollouts/gemini3flash/miniF2F-valid-50/amc12a_2009_p6.json,amc12a_2009_p6.json
length=2; goals=; edges=edge_placeholder ; edge_placeholder,cycle_detected,state_9 -> action_125,outputs/rollouts/gemini3flash/miniF2F-valid-50/amc12a_2009_p6.json,amc12a_2009_p6.json
length=2; goals=; edges=edge_placeholder ; edge_placeholder,cycle_detected,state_9 -> action_127,outputs/rollouts/gemini3flash/miniF2F-valid-50/amc12a_2009_p6.json,amc12a_2009_p6.json
length=2; goals=; edges=edge_placeholder ; edge_placeholder,cycle_detected,state_9 -> action_129,outputs/rollouts/gemini3flash/miniF2F-valid-50/amc12a_2009_p6.json,amc12a_2009_p6.json
length=2; goals=; edges=edge_placeholder ; edge_placeholder,cycle_detected,state_13 -> action_145,outputs/rollouts/gemini3flash/miniF2F-valid-50/amc12a_2009_p6.json,amc12a_2009_p6.json
length=2; goals=; edges=edge_placeholder ; edge_placeholder,cycle_detected,state_23 -> action_252,outputs/rollouts/gemini3flash/miniF2F-valid-50/amc12a_2009_p6.json,amc12a_2009_p6.json
length=2; goals=; edges=edge_placeholder ; edge_placeholder,cycle_detected,state_23 -> action_254,outputs/rollouts/gemini3flash/miniF2F-valid-50/amc12a_2009_p6.json,amc12a_2009_p6.json
length=2; goals=; edges=edge_placeholder ; edge_placeholder,cycle_detected,state_23 -> action_256,outputs/rollouts/gemini3flash/miniF2F-valid-50/amc12a_2009_p6.json,amc12a_2009_p6.json
length=2; goals=; edges=edge_placeholder ; edge_placeholder,cycle_detected,state_28 -> action_322,outputs/rollouts/gemini3flash/miniF2F-valid-50/amc12a_2009_p6.json,amc12a_2009_p6.json
length=2; goals=; edges=edge_placeholder ; edge_placeholder,cycle_detected,state_28 -> action_350,outputs/rollouts/gemini3flash/miniF2F-valid-50/amc12a_2009_p6.json,amc12a_2009_p6.json
FAILED action has r_env=1.0,failed_full_r_env,action_305,outputs/rollouts/gemini3flash/miniF2F-valid-50/amc12a_2009_p7.json,amc12a_2009_p7.json
action has empty extracted_lean_code,missing_extracted_code,action_366,outputs/rollouts/gemini3flash/miniF2F-valid-50/amc12a_2009_p7.json,amc12a_2009_p7.json
action has empty extracted_lean_code,missing_extracted_code,action_367,outputs/rollouts/gemini3flash/miniF2F-valid-50/amc12a_2009_p7.json,amc12a_2009_p7.json
action has empty extracted_lean_code,missing_extracted_code,action_368,outputs/rollouts/gemini3flash/miniF2F-valid-50/amc12a_2009_p7.json,amc12a_2009_p7.json
action has empty extracted_lean_code,missing_extracted_code,action_369,outputs/rollouts/gemini3flash/miniF2F-valid-50/amc12a_2009_p7.json,amc12a_2009_p7.json
action has empty extracted_lean_code,missing_extracted_code,action_370,outputs/rollouts/gemini3flash/miniF2F-valid-50/amc12a_2009_p7.json,amc12a_2009_p7.json
action has empty extracted_lean_code,missing_extracted_code,action_371,outputs/rollouts/gemini3flash/miniF2F-valid-50/amc12a_2009_p7.json,amc12a_2009_p7.json
action has empty extracted_lean_code,missing_extracted_code,action_372,outputs/rollouts/gemini3flash/miniF2F-valid-50/amc12a_2009_p7.json,amc12a_2009_p7.json
action has empty extracted_lean_code,missing_extracted_code,action_373,outputs/rollouts/gemini3flash/miniF2F-valid-50/amc12a_2009_p7.json,amc12a_2009_p7.json
action has empty extracted_lean_code,missing_extracted_code,action_374,outputs/rollouts/gemini3flash/miniF2F-valid-50/amc12a_2009_p7.json,amc12a_2009_p7.json
FAILED action has r_env=1.0,failed_full_r_env,action_394,outputs/rollouts/gemini3flash/miniF2F-valid-50/amc12a_2009_p7.json,amc12a_2009_p7.json
FAILED action has r_env=1.0,failed_full_r_env,action_397,outputs/rollouts/gemini3flash/miniF2F-valid-50/amc12a_2009_p7.json,amc12a_2009_p7.json
FAILED action has r_env=1.0,failed_full_r_env,action_403,outputs/rollouts/gemini3flash/miniF2F-valid-50/amc12a_2009_p7.json,amc12a_2009_p7.json
FAILED action has r_env=1.0,failed_full_r_env,action_427,outputs/rollouts/gemini3flash/miniF2F-valid-50/amc12a_2009_p7.json,amc12a_2009_p7.json
length=2; goals=; edges=edge_placeholder ; edge_placeholder,cycle_detected,state_6 -> action_88,outputs/rollouts/gemini3flash/miniF2F-valid-50/amc12a_2009_p7.json,amc12a_2009_p7.json
FAILED action has r_env=1.0,failed_full_r_env,action_14,outputs/rollouts/gemini3flash/miniF2F-valid-50/amc12a_2013_p4.json,amc12a_2013_p4.json
FAILED action has r_env=1.0,failed_full_r_env,action_16,outputs/rollouts/gemini3flash/miniF2F-valid-50/amc12a_2013_p4.json,amc12a_2013_p4.json
FAILED action has r_env=1.0,failed_full_r_env,action_17,outputs/rollouts/gemini3flash/miniF2F-valid-50/amc12a_2013_p4.json,amc12a_2013_p4.json
FAILED action has r_env=1.0,failed_full_r_env,action_18,outputs/rollouts/gemini3flash/miniF2F-valid-50/amc12a_2013_p4.json,amc12a_2013_p4.json
FAILED action has r_env=1.0,failed_full_r_env,action_19,outputs/rollouts/gemini3flash/miniF2F-valid-50/amc12a_2013_p4.json,amc12a_2013_p4.json
FAILED action has r_env=1.0,failed_full_r_env,action_22,outputs/rollouts/gemini3flash/miniF2F-valid-50/amc12a_2013_p4.json,amc12a_2013_p4.json
FAILED action has r_env=1.0,failed_full_r_env,action_23,outputs/rollouts/gemini3flash/miniF2F-valid-50/amc12a_2013_p4.json,amc12a_2013_p4.json
FAILED action has r_env=1.0,failed_full_r_env,action_24,outputs/rollouts/gemini3flash/miniF2F-valid-50/amc12a_2013_p4.json,amc12a_2013_p4.json
FAILED action has r_env=1.0,failed_full_r_env,action_81,outputs/rollouts/gemini3flash/miniF2F-valid-50/amc12a_2013_p4.json,amc12a_2013_p4.json
FAILED action has r_env=1.0,failed_full_r_env,action_82,outputs/rollouts/gemini3flash/miniF2F-valid-50/amc12a_2013_p4.json,amc12a_2013_p4.json
FAILED action has r_env=1.0,failed_full_r_env,action_83,outputs/rollouts/gemini3flash/miniF2F-valid-50/amc12a_2013_p4.json,amc12a_2013_p4.json
FAILED action has r_env=1.0,failed_full_r_env,action_84,outputs/rollouts/gemini3flash/miniF2F-valid-50/amc12a_2013_p4.json,amc12a_2013_p4.json
FAILED action has r_env=1.0,failed_full_r_env,action_87,outputs/rollouts/gemini3flash/miniF2F-valid-50/amc12a_2013_p4.json,amc12a_2013_p4.json
FAILED action has r_env=1.0,failed_full_r_env,action_88,outputs/rollouts/gemini3flash/miniF2F-valid-50/amc12a_2013_p4.json,amc12a_2013_p4.json
action has empty extracted_lean_code,missing_extracted_code,action_89,outputs/rollouts/gemini3flash/miniF2F-valid-50/amc12a_2013_p4.json,amc12a_2013_p4.json
action has empty extracted_lean_code,missing_extracted_code,action_165,outputs/rollouts/gemini3flash/miniF2F-valid-50/amc12a_2013_p4.json,amc12a_2013_p4.json
FAILED action has r_env=1.0,failed_full_r_env,action_291,outputs/rollouts/gemini3flash/miniF2F-valid-50/amc12a_2013_p4.json,amc12a_2013_p4.json
FAILED action has r_env=1.0,failed_full_r_env,action_294,outputs/rollouts/gemini3flash/miniF2F-valid-50/amc12a_2013_p4.json,amc12a_2013_p4.json
FAILED action has r_env=1.0,failed_full_r_env,action_296,outputs/rollouts/gemini3flash/miniF2F-valid-50/amc12a_2013_p4.json,amc12a_2013_p4.json
FAILED action has r_env=1.0,failed_full_r_env,action_302,outputs/rollouts/gemini3flash/miniF2F-valid-50/amc12a_2013_p4.json,amc12a_2013_p4.json
FAILED action has r_env=1.0,failed_full_r_env,action_318,outputs/rollouts/gemini3flash/miniF2F-valid-50/amc12a_2013_p4.json,amc12a_2013_p4.json
FAILED action has r_env=1.0,failed_full_r_env,action_401,outputs/rollouts/gemini3flash/miniF2F-valid-50/amc12a_2013_p4.json,amc12a_2013_p4.json
FAILED action has r_env=1.0,failed_full_r_env,action_403,outputs/rollouts/gemini3flash/miniF2F-valid-50/amc12a_2013_p4.json,amc12a_2013_p4.json
FAILED action has r_env=1.0,failed_full_r_env,action_405,outputs/rollouts/gemini3flash/miniF2F-valid-50/amc12a_2013_p4.json,amc12a_2013_p4.json
FAILED action has r_env=1.0,failed_full_r_env,action_407,outputs/rollouts/gemini3flash/miniF2F-valid-50/amc12a_2013_p4.json,amc12a_2013_p4.json
FAILED action has r_env=1.0,failed_full_r_env,action_464,outputs/rollouts/gemini3flash/miniF2F-valid-50/amc12a_2013_p4.json,amc12a_2013_p4.json
action has empty extracted_lean_code,missing_extracted_code,action_62,outputs/rollouts/gemini3flash/miniF2F-valid-50/amc12a_2019_p12.json,amc12a_2019_p12.json
FAILED action has r_env=1.0,failed_full_r_env,action_251,outputs/rollouts/gemini3flash/miniF2F-valid-50/amc12a_2019_p12.json,amc12a_2019_p12.json
FAILED action has r_env=1.0,failed_full_r_env,action_277,outputs/rollouts/gemini3flash/miniF2F-valid-50/amc12a_2019_p12.json,amc12a_2019_p12.json
FAILED action has r_env=1.0,failed_full_r_env,action_281,outputs/rollouts/gemini3flash/miniF2F-valid-50/amc12a_2019_p12.json,amc12a_2019_p12.json
FAILED action has r_env=1.0,failed_full_r_env,action_441,outputs/rollouts/gemini3flash/miniF2F-valid-50/amc12a_2019_p12.json,amc12a_2019_p12.json
FAILED action has r_env=1.0,failed_full_r_env,action_443,outputs/rollouts/gemini3flash/miniF2F-valid-50/amc12a_2019_p12.json,amc12a_2019_p12.json
FAILED action has r_env=1.0,failed_full_r_env,action_449,outputs/rollouts/gemini3flash/miniF2F-valid-50/amc12a_2019_p12.json,amc12a_2019_p12.json
FAILED action has r_env=1.0,failed_full_r_env,action_478,outputs/rollouts/gemini3flash/miniF2F-valid-50/amc12a_2019_p12.json,amc12a_2019_p12.json
length=2; goals=; edges=edge_placeholder ; edge_placeholder,cycle_detected,state_43 -> action_367,outputs/rollouts/gemini3flash/miniF2F-valid-50/amc12a_2019_p12.json,amc12a_2019_p12.json
length=2; goals=; edges=edge_placeholder ; edge_placeholder,cycle_detected,state_43 -> action_371,outputs/rollouts/gemini3flash/miniF2F-valid-50/amc12a_2019_p12.json,amc12a_2019_p12.json
action has empty extracted_lean_code,missing_extracted_code,action_229,outputs/rollouts/gemini3flash/miniF2F-valid-50/amc12a_2020_p10.json,amc12a_2020_p10.json
action has empty extracted_lean_code,missing_extracted_code,action_315,outputs/rollouts/gemini3flash/miniF2F-valid-50/amc12a_2020_p10.json,amc12a_2020_p10.json
action has empty extracted_lean_code,missing_extracted_code,action_463,outputs/rollouts/gemini3flash/miniF2F-valid-50/amc12a_2020_p10.json,amc12a_2020_p10.json
action has empty extracted_lean_code,missing_extracted_code,action_464,outputs/rollouts/gemini3flash/miniF2F-valid-50/amc12a_2020_p10.json,amc12a_2020_p10.json
action has empty extracted_lean_code,missing_extracted_code,action_465,outputs/rollouts/gemini3flash/miniF2F-valid-50/amc12a_2020_p10.json,amc12a_2020_p10.json
action has empty extracted_lean_code,missing_extracted_code,action_466,outputs/rollouts/gemini3flash/miniF2F-valid-50/amc12a_2020_p10.json,amc12a_2020_p10.json
action has empty extracted_lean_code,missing_extracted_code,action_467,outputs/rollouts/gemini3flash/miniF2F-valid-50/amc12a_2020_p10.json,amc12a_2020_p10.json
action has empty extracted_lean_code,missing_extracted_code,action_468,outputs/rollouts/gemini3flash/miniF2F-valid-50/amc12a_2020_p10.json,amc12a_2020_p10.json
action has empty extracted_lean_code,missing_extracted_code,action_469,outputs/rollouts/gemini3flash/miniF2F-valid-50/amc12a_2020_p10.json,amc12a_2020_p10.json
action has empty extracted_lean_code,missing_extracted_code,action_470,outputs/rollouts/gemini3flash/miniF2F-valid-50/amc12a_2020_p10.json,amc12a_2020_p10.json
action has empty extracted_lean_code,missing_extracted_code,action_471,outputs/rollouts/gemini3flash/miniF2F-valid-50/amc12a_2020_p10.json,amc12a_2020_p10.json
action has empty extracted_lean_code,missing_extracted_code,action_472,outputs/rollouts/gemini3flash/miniF2F-valid-50/amc12a_2020_p10.json,amc12a_2020_p10.json
action has empty extracted_lean_code,missing_extracted_code,action_473,outputs/rollouts/gemini3flash/miniF2F-valid-50/amc12a_2020_p10.json,amc12a_2020_p10.json
action has empty extracted_lean_code,missing_extracted_code,action_474,outputs/rollouts/gemini3flash/miniF2F-valid-50/amc12a_2020_p10.json,amc12a_2020_p10.json
action has empty extracted_lean_code,missing_extracted_code,action_503,outputs/rollouts/gemini3flash/miniF2F-valid-50/amc12a_2020_p10.json,amc12a_2020_p10.json
action has empty extracted_lean_code,missing_extracted_code,action_504,outputs/rollouts/gemini3flash/miniF2F-valid-50/amc12a_2020_p10.json,amc12a_2020_p10.json
action has empty extracted_lean_code,missing_extracted_code,action_505,outputs/rollouts/gemini3flash/miniF2F-valid-50/amc12a_2020_p10.json,amc12a_2020_p10.json
action has empty extracted_lean_code,missing_extracted_code,action_506,outputs/rollouts/gemini3flash/miniF2F-valid-50/amc12a_2020_p10.json,amc12a_2020_p10.json
action has empty extracted_lean_code,missing_extracted_code,action_507,outputs/rollouts/gemini3flash/miniF2F-valid-50/amc12a_2020_p10.json,amc12a_2020_p10.json
action has empty extracted_lean_code,missing_extracted_code,action_508,outputs/rollouts/gemini3flash/miniF2F-valid-50/amc12a_2020_p10.json,amc12a_2020_p10.json
action has empty extracted_lean_code,missing_extracted_code,action_509,outputs/rollouts/gemini3flash/miniF2F-valid-50/amc12a_2020_p10.json,amc12a_2020_p10.json
action has empty extracted_lean_code,missing_extracted_code,action_510,outputs/rollouts/gemini3flash/miniF2F-valid-50/amc12a_2020_p10.json,amc12a_2020_p10.json
action has empty extracted_lean_code,missing_extracted_code,action_511,outputs/rollouts/gemini3flash/miniF2F-valid-50/amc12a_2020_p10.json,amc12a_2020_p10.json
action has empty extracted_lean_code,missing_extracted_code,action_512,outputs/rollouts/gemini3flash/miniF2F-valid-50/amc12a_2020_p10.json,amc12a_2020_p10.json
action has empty extracted_lean_code,missing_extracted_code,action_513,outputs/rollouts/gemini3flash/miniF2F-valid-50/amc12a_2020_p10.json,amc12a_2020_p10.json
action has empty extracted_lean_code,missing_extracted_code,action_514,outputs/rollouts/gemini3flash/miniF2F-valid-50/amc12a_2020_p10.json,amc12a_2020_p10.json
length=2; goals=; edges=edge_placeholder ; edge_placeholder,cycle_detected,state_1 -> action_25,outputs/rollouts/gemini3flash/miniF2F-valid-50/amc12a_2020_p10.json,amc12a_2020_p10.json
length=2; goals=; edges=edge_placeholder ; edge_placeholder,cycle_detected,state_2 -> action_53,outputs/rollouts/gemini3flash/miniF2F-valid-50/amc12a_2020_p10.json,amc12a_2020_p10.json
length=2; goals=; edges=edge_placeholder ; edge_placeholder,cycle_detected,state_60 -> action_232,outputs/rollouts/gemini3flash/miniF2F-valid-50/amc12a_2020_p10.json,amc12a_2020_p10.json
action has empty extracted_lean_code,missing_extracted_code,action_0,outputs/rollouts/gemini3flash/miniF2F-valid-50/amc12a_2020_p15.json,amc12a_2020_p15.json
action has empty extracted_lean_code,missing_extracted_code,action_1,outputs/rollouts/gemini3flash/miniF2F-valid-50/amc12a_2020_p15.json,amc12a_2020_p15.json
action has empty extracted_lean_code,missing_extracted_code,action_2,outputs/rollouts/gemini3flash/miniF2F-valid-50/amc12a_2020_p15.json,amc12a_2020_p15.json
action has empty extracted_lean_code,missing_extracted_code,action_3,outputs/rollouts/gemini3flash/miniF2F-valid-50/amc12a_2020_p15.json,amc12a_2020_p15.json
action has empty extracted_lean_code,missing_extracted_code,action_4,outputs/rollouts/gemini3flash/miniF2F-valid-50/amc12a_2020_p15.json,amc12a_2020_p15.json
action has empty extracted_lean_code,missing_extracted_code,action_5,outputs/rollouts/gemini3flash/miniF2F-valid-50/amc12a_2020_p15.json,amc12a_2020_p15.json
action has empty extracted_lean_code,missing_extracted_code,action_6,outputs/rollouts/gemini3flash/miniF2F-valid-50/amc12a_2020_p15.json,amc12a_2020_p15.json
FAILED action has r_env=1.0,failed_full_r_env,action_86,outputs/rollouts/gemini3flash/miniF2F-valid-50/amc12a_2020_p15.json,amc12a_2020_p15.json
action has empty extracted_lean_code,missing_extracted_code,action_246,outputs/rollouts/gemini3flash/miniF2F-valid-50/amc12a_2020_p15.json,amc12a_2020_p15.json
action has empty extracted_lean_code,missing_extracted_code,action_247,outputs/rollouts/gemini3flash/miniF2F-valid-50/amc12a_2020_p15.json,amc12a_2020_p15.json
action has empty extracted_lean_code,missing_extracted_code,action_248,outputs/rollouts/gemini3flash/miniF2F-valid-50/amc12a_2020_p15.json,amc12a_2020_p15.json
action has empty extracted_lean_code,missing_extracted_code,action_249,outputs/rollouts/gemini3flash/miniF2F-valid-50/amc12a_2020_p15.json,amc12a_2020_p15.json
action has empty extracted_lean_code,missing_extracted_code,action_250,outputs/rollouts/gemini3flash/miniF2F-valid-50/amc12a_2020_p15.json,amc12a_2020_p15.json
action has empty extracted_lean_code,missing_extracted_code,action_251,outputs/rollouts/gemini3flash/miniF2F-valid-50/amc12a_2020_p15.json,amc12a_2020_p15.json
action has empty extracted_lean_code,missing_extracted_code,action_252,outputs/rollouts/gemini3flash/miniF2F-valid-50/amc12a_2020_p15.json,amc12a_2020_p15.json
action has empty extracted_lean_code,missing_extracted_code,action_253,outputs/rollouts/gemini3flash/miniF2F-valid-50/amc12a_2020_p15.json,amc12a_2020_p15.json
action has empty extracted_lean_code,missing_extracted_code,action_254,outputs/rollouts/gemini3flash/miniF2F-valid-50/amc12a_2020_p15.json,amc12a_2020_p15.json
action has empty extracted_lean_code,missing_extracted_code,action_255,outputs/rollouts/gemini3flash/miniF2F-valid-50/amc12a_2020_p15.json,amc12a_2020_p15.json
action has empty extracted_lean_code,missing_extracted_code,action_256,outputs/rollouts/gemini3flash/miniF2F-valid-50/amc12a_2020_p15.json,amc12a_2020_p15.json
action has empty extracted_lean_code,missing_extracted_code,action_290,outputs/rollouts/gemini3flash/miniF2F-valid-50/amc12a_2020_p15.json,amc12a_2020_p15.json
action has empty extracted_lean_code,missing_extracted_code,action_291,outputs/rollouts/gemini3flash/miniF2F-valid-50/amc12a_2020_p15.json,amc12a_2020_p15.json
action has empty extracted_lean_code,missing_extracted_code,action_292,outputs/rollouts/gemini3flash/miniF2F-valid-50/amc12a_2020_p15.json,amc12a_2020_p15.json
action has empty extracted_lean_code,missing_extracted_code,action_293,outputs/rollouts/gemini3flash/miniF2F-valid-50/amc12a_2020_p15.json,amc12a_2020_p15.json
action has empty extracted_lean_code,missing_extracted_code,action_294,outputs/rollouts/gemini3flash/miniF2F-valid-50/amc12a_2020_p15.json,amc12a_2020_p15.json
action has empty extracted_lean_code,missing_extracted_code,action_295,outputs/rollouts/gemini3flash/miniF2F-valid-50/amc12a_2020_p15.json,amc12a_2020_p15.json
action has empty extracted_lean_code,missing_extracted_code,action_296,outputs/rollouts/gemini3flash/miniF2F-valid-50/amc12a_2020_p15.json,amc12a_2020_p15.json
action has empty extracted_lean_code,missing_extracted_code,action_297,outputs/rollouts/gemini3flash/miniF2F-valid-50/amc12a_2020_p15.json,amc12a_2020_p15.json
action has empty extracted_lean_code,missing_extracted_code,action_298,outputs/rollouts/gemini3flash/miniF2F-valid-50/amc12a_2020_p15.json,amc12a_2020_p15.json
action has empty extracted_lean_code,missing_extracted_code,action_299,outputs/rollouts/gemini3flash/miniF2F-valid-50/amc12a_2020_p15.json,amc12a_2020_p15.json
action has empty extracted_lean_code,missing_extracted_code,action_300,outputs/rollouts/gemini3flash/miniF2F-valid-50/amc12a_2020_p15.json,amc12a_2020_p15.json
action has empty extracted_lean_code,missing_extracted_code,action_301,outputs/rollouts/gemini3flash/miniF2F-valid-50/amc12a_2020_p15.json,amc12a_2020_p15.json
action has empty extracted_lean_code,missing_extracted_code,action_378,outputs/rollouts/gemini3flash/miniF2F-valid-50/amc12a_2020_p15.json,amc12a_2020_p15.json
action has empty extracted_lean_code,missing_extracted_code,action_379,outputs/rollouts/gemini3flash/miniF2F-valid-50/amc12a_2020_p15.json,amc12a_2020_p15.json
action has empty extracted_lean_code,missing_extracted_code,action_380,outputs/rollouts/gemini3flash/miniF2F-valid-50/amc12a_2020_p15.json,amc12a_2020_p15.json
action has empty extracted_lean_code,missing_extracted_code,action_381,outputs/rollouts/gemini3flash/miniF2F-valid-50/amc12a_2020_p15.json,amc12a_2020_p15.json
action has empty extracted_lean_code,missing_extracted_code,action_382,outputs/rollouts/gemini3flash/miniF2F-valid-50/amc12a_2020_p15.json,amc12a_2020_p15.json
action has empty extracted_lean_code,missing_extracted_code,action_383,outputs/rollouts/gemini3flash/miniF2F-valid-50/amc12a_2020_p15.json,amc12a_2020_p15.json
action has empty extracted_lean_code,missing_extracted_code,action_384,outputs/rollouts/gemini3flash/miniF2F-valid-50/amc12a_2020_p15.json,amc12a_2020_p15.json
action has empty extracted_lean_code,missing_extracted_code,action_385,outputs/rollouts/gemini3flash/miniF2F-valid-50/amc12a_2020_p15.json,amc12a_2020_p15.json
action has empty extracted_lean_code,missing_extracted_code,action_386,outputs/rollouts/gemini3flash/miniF2F-valid-50/amc12a_2020_p15.json,amc12a_2020_p15.json
FAILED action has r_env=1.0,failed_full_r_env,action_403,outputs/rollouts/gemini3flash/miniF2F-valid-50/amc12a_2020_p15.json,amc12a_2020_p15.json
action has empty extracted_lean_code,missing_extracted_code,action_409,outputs/rollouts/gemini3flash/miniF2F-valid-50/amc12a_2020_p15.json,amc12a_2020_p15.json
action has empty extracted_lean_code,missing_extracted_code,action_410,outputs/rollouts/gemini3flash/miniF2F-valid-50/amc12a_2020_p15.json,amc12a_2020_p15.json
action has empty extracted_lean_code,missing_extracted_code,action_411,outputs/rollouts/gemini3flash/miniF2F-valid-50/amc12a_2020_p15.json,amc12a_2020_p15.json
action has empty extracted_lean_code,missing_extracted_code,action_412,outputs/rollouts/gemini3flash/miniF2F-valid-50/amc12a_2020_p15.json,amc12a_2020_p15.json
action has empty extracted_lean_code,missing_extracted_code,action_413,outputs/rollouts/gemini3flash/miniF2F-valid-50/amc12a_2020_p15.json,amc12a_2020_p15.json
action has empty extracted_lean_code,missing_extracted_code,action_414,outputs/rollouts/gemini3flash/miniF2F-valid-50/amc12a_2020_p15.json,amc12a_2020_p15.json
action has empty extracted_lean_code,missing_extracted_code,action_415,outputs/rollouts/gemini3flash/miniF2F-valid-50/amc12a_2020_p15.json,amc12a_2020_p15.json
action has empty extracted_lean_code,missing_extracted_code,action_416,outputs/rollouts/gemini3flash/miniF2F-valid-50/amc12a_2020_p15.json,amc12a_2020_p15.json
action has empty extracted_lean_code,missing_extracted_code,action_417,outputs/rollouts/gemini3flash/miniF2F-valid-50/amc12a_2020_p15.json,amc12a_2020_p15.json
action has empty extracted_lean_code,missing_extracted_code,action_418,outputs/rollouts/gemini3flash/miniF2F-valid-50/amc12a_2020_p15.json,amc12a_2020_p15.json
action has empty extracted_lean_code,missing_extracted_code,action_429,outputs/rollouts/gemini3flash/miniF2F-valid-50/amc12a_2020_p15.json,amc12a_2020_p15.json
action has empty extracted_lean_code,missing_extracted_code,action_430,outputs/rollouts/gemini3flash/miniF2F-valid-50/amc12a_2020_p15.json,amc12a_2020_p15.json
action has empty extracted_lean_code,missing_extracted_code,action_431,outputs/rollouts/gemini3flash/miniF2F-valid-50/amc12a_2020_p15.json,amc12a_2020_p15.json
action has empty extracted_lean_code,missing_extracted_code,action_432,outputs/rollouts/gemini3flash/miniF2F-valid-50/amc12a_2020_p15.json,amc12a_2020_p15.json
action has empty extracted_lean_code,missing_extracted_code,action_433,outputs/rollouts/gemini3flash/miniF2F-valid-50/amc12a_2020_p15.json,amc12a_2020_p15.json
action has empty extracted_lean_code,missing_extracted_code,action_434,outputs/rollouts/gemini3flash/miniF2F-valid-50/amc12a_2020_p15.json,amc12a_2020_p15.json
action has empty extracted_lean_code,missing_extracted_code,action_493,outputs/rollouts/gemini3flash/miniF2F-valid-50/amc12a_2020_p15.json,amc12a_2020_p15.json
action has empty extracted_lean_code,missing_extracted_code,action_494,outputs/rollouts/gemini3flash/miniF2F-valid-50/amc12a_2020_p15.json,amc12a_2020_p15.json
action has empty extracted_lean_code,missing_extracted_code,action_495,outputs/rollouts/gemini3flash/miniF2F-valid-50/amc12a_2020_p15.json,amc12a_2020_p15.json
action has empty extracted_lean_code,missing_extracted_code,action_496,outputs/rollouts/gemini3flash/miniF2F-valid-50/amc12a_2020_p15.json,amc12a_2020_p15.json
action has empty extracted_lean_code,missing_extracted_code,action_497,outputs/rollouts/gemini3flash/miniF2F-valid-50/amc12a_2020_p15.json,amc12a_2020_p15.json
action has empty extracted_lean_code,missing_extracted_code,action_498,outputs/rollouts/gemini3flash/miniF2F-valid-50/amc12a_2020_p15.json,amc12a_2020_p15.json
action has empty extracted_lean_code,missing_extracted_code,action_499,outputs/rollouts/gemini3flash/miniF2F-valid-50/amc12a_2020_p15.json,amc12a_2020_p15.json
action has empty extracted_lean_code,missing_extracted_code,action_500,outputs/rollouts/gemini3flash/miniF2F-valid-50/amc12a_2020_p15.json,amc12a_2020_p15.json
action has empty extracted_lean_code,missing_extracted_code,action_501,outputs/rollouts/gemini3flash/miniF2F-valid-50/amc12a_2020_p15.json,amc12a_2020_p15.json
action has empty extracted_lean_code,missing_extracted_code,action_513,outputs/rollouts/gemini3flash/miniF2F-valid-50/amc12a_2020_p15.json,amc12a_2020_p15.json
action has empty extracted_lean_code,missing_extracted_code,action_514,outputs/rollouts/gemini3flash/miniF2F-valid-50/amc12a_2020_p15.json,amc12a_2020_p15.json
action has empty extracted_lean_code,missing_extracted_code,action_515,outputs/rollouts/gemini3flash/miniF2F-valid-50/amc12a_2020_p15.json,amc12a_2020_p15.json
action has empty extracted_lean_code,missing_extracted_code,action_516,outputs/rollouts/gemini3flash/miniF2F-valid-50/amc12a_2020_p15.json,amc12a_2020_p15.json
action has empty extracted_lean_code,missing_extracted_code,action_517,outputs/rollouts/gemini3flash/miniF2F-valid-50/amc12a_2020_p15.json,amc12a_2020_p15.json
action has empty extracted_lean_code,missing_extracted_code,action_518,outputs/rollouts/gemini3flash/miniF2F-valid-50/amc12a_2020_p15.json,amc12a_2020_p15.json
FAILED action has r_env=1.0,failed_full_r_env,action_524,outputs/rollouts/gemini3flash/miniF2F-valid-50/amc12a_2020_p15.json,amc12a_2020_p15.json
